993.89,1478.2,-9.9563,-10.044,0.0043633,NaN,NaN,NaN,NaN,NaN,NaN,NaN,NaN,NaN,NaN,NaN,NaN,NaN,NaN,NaN,NaN,NaN,NaN,NaN,NaN,NaN,NaN,NaN,NaN,NaN,NaN,NaN,NaN,NaN,NaN,NaN,NaN,NaN,NaN,NaN,NaN,NaN,NaN,NaN,NaN,NaN,NaN,NaN,NaN,NaN
983.96,1468.2,-9.9124,-10.087,0.0043633,NaN,NaN,NaN,NaN,NaN,NaN,NaN,NaN,NaN,NaN,NaN,NaN,NaN,NaN,NaN,NaN,NaN,NaN,NaN,NaN,NaN,NaN,NaN,NaN,NaN,NaN,NaN,NaN,NaN,NaN,NaN,NaN,NaN,NaN,NaN,NaN,NaN,NaN,NaN,NaN,NaN,NaN,NaN,NaN,NaN
974.06,1458.1,-9.8682,-10.13,0.0043633,NaN,NaN,NaN,NaN,NaN,NaN,NaN,NaN,NaN,NaN,NaN,NaN,NaN,NaN,NaN,NaN,NaN,NaN,NaN,NaN,NaN,NaN,NaN,NaN,NaN,NaN,NaN,NaN,NaN,NaN,NaN,NaN,NaN,NaN,NaN,NaN,NaN,NaN,NaN,NaN,NaN,NaN,NaN,NaN,NaN
964.22,1447.9,-9.824,-10.173,0.0043633,NaN,NaN,NaN,NaN,NaN,NaN,NaN,NaN,NaN,NaN,NaN,NaN,NaN,NaN,NaN,NaN,NaN,NaN,NaN,NaN,NaN,NaN,NaN,NaN,NaN,NaN,NaN,NaN,NaN,NaN,NaN,NaN,NaN,NaN,NaN,NaN,NaN,NaN,NaN,NaN,NaN,NaN,NaN,NaN,NaN
954.42,1437.7,-9.7795,-10.216,0.0043633,NaN,NaN,NaN,NaN,NaN,NaN,NaN,NaN,NaN,NaN,NaN,NaN,NaN,NaN,NaN,NaN,NaN,NaN,NaN,NaN,NaN,NaN,NaN,NaN,NaN,NaN,NaN,NaN,NaN,NaN,NaN,NaN,NaN,NaN,NaN,NaN,NaN,NaN,NaN,NaN,NaN,NaN,NaN,NaN,NaN
944.66,1427.5,-9.7348,-10.258,0.0043633,NaN,NaN,NaN,NaN,NaN,NaN,NaN,NaN,NaN,NaN,NaN,NaN,NaN,NaN,NaN,NaN,NaN,NaN,NaN,NaN,NaN,NaN,NaN,NaN,NaN,NaN,NaN,NaN,NaN,NaN,NaN,NaN,NaN,NaN,NaN,NaN,NaN,NaN,NaN,NaN,NaN,NaN,NaN,NaN,NaN
934.95,1417.2,-9.69,-10.301,0.0043633,NaN,NaN,NaN,NaN,NaN,NaN,NaN,NaN,NaN,NaN,NaN,NaN,NaN,NaN,NaN,NaN,NaN,NaN,NaN,NaN,NaN,NaN,NaN,NaN,NaN,NaN,NaN,NaN,NaN,NaN,NaN,NaN,NaN,NaN,NaN,NaN,NaN,NaN,NaN,NaN,NaN,NaN,NaN,NaN,NaN
925.28,1406.9,-9.6449,-10.343,0.0043633,NaN,NaN,NaN,NaN,NaN,NaN,NaN,NaN,NaN,NaN,NaN,NaN,NaN,NaN,NaN,NaN,NaN,NaN,NaN,NaN,NaN,NaN,NaN,NaN,NaN,NaN,NaN,NaN,NaN,NaN,NaN,NaN,NaN,NaN,NaN,NaN,NaN,NaN,NaN,NaN,NaN,NaN,NaN,NaN,NaN
915.66,1396.5,-9.5997,-10.385,0.0043633,NaN,NaN,NaN,NaN,NaN,NaN,NaN,NaN,NaN,NaN,NaN,NaN,NaN,NaN,NaN,NaN,NaN,NaN,NaN,NaN,NaN,NaN,NaN,NaN,NaN,NaN,NaN,NaN,NaN,NaN,NaN,NaN,NaN,NaN,NaN,NaN,NaN,NaN,NaN,NaN,NaN,NaN,NaN,NaN,NaN
906.08,1386.1,-9.5543,-10.427,0.0043633,-235.87,1014.3,20.034,2.7671,-0.011636,-1496.3,266.7,11.173,9.8065,-0.017453,-1457,250,43,0,0,NaN,NaN,NaN,NaN,NaN,NaN,NaN,NaN,NaN,NaN,NaN,NaN,NaN,NaN,NaN,NaN,NaN,NaN,NaN,NaN,NaN,NaN,NaN,NaN,NaN,NaN,NaN,NaN,NaN,NaN
896.55,1375.7,-9.5087,-10.468,0.0043633,-215.82,1016.9,20.064,2.5338,-0.011636,-1485,276.41,11.342,9.61,-0.017453,-1414,250,43,0,0,NaN,NaN,NaN,NaN,NaN,NaN,NaN,NaN,NaN,NaN,NaN,NaN,NaN,NaN,NaN,NaN,NaN,NaN,NaN,NaN,NaN,NaN,NaN,NaN,NaN,NaN,NaN,NaN,NaN,NaN
887.06,1365.2,-9.4629,-10.51,0.0043633,-195.74,1019.4,20.093,2.3002,-0.011636,-1473.6,285.92,11.508,9.4106,-0.017453,-1371,250,43,0,0,NaN,NaN,NaN,NaN,NaN,NaN,NaN,NaN,NaN,NaN,NaN,NaN,NaN,NaN,NaN,NaN,NaN,NaN,NaN,NaN,NaN,NaN,NaN,NaN,NaN,NaN,NaN,NaN,NaN,NaN
877.62,1354.6,-9.417,-10.551,0.0043633,-175.64,1021.5,20.118,2.0662,-0.011636,-1462,295.23,11.671,9.2083,-0.017453,-1328,250,43,0,0,NaN,NaN,NaN,NaN,NaN,NaN,NaN,NaN,NaN,NaN,NaN,NaN,NaN,NaN,NaN,NaN,NaN,NaN,NaN,NaN,NaN,NaN,NaN,NaN,NaN,NaN,NaN,NaN,NaN,NaN
868.23,1344.1,-9.3709,-10.592,0.0043633,-155.51,1023.5,20.141,1.832,-0.011636,-1450.3,304.34,11.83,9.0032,-0.017453,-1285,250,43,0,0,NaN,NaN,NaN,NaN,NaN,NaN,NaN,NaN,NaN,NaN,NaN,NaN,NaN,NaN,NaN,NaN,NaN,NaN,NaN,NaN,NaN,NaN,NaN,NaN,NaN,NaN,NaN,NaN,NaN,NaN
858.88,1333.5,-9.3246,-10.633,0.0043633,-135.36,1025.2,20.161,1.5976,-0.011636,-1438.4,313.24,11.985,8.7954,-0.017453,-1242,250,43,0,0,NaN,NaN,NaN,NaN,NaN,NaN,NaN,NaN,NaN,NaN,NaN,NaN,NaN,NaN,NaN,NaN,NaN,NaN,NaN,NaN,NaN,NaN,NaN,NaN,NaN,NaN,NaN,NaN,NaN,NaN
849.58,1322.8,-9.2781,-10.673,0.0043633,-115.19,1026.7,20.178,1.3629,-0.011636,-1426.3,321.93,12.137,8.5849,-0.017453,-1199,250,43,0,0,NaN,NaN,NaN,NaN,NaN,NaN,NaN,NaN,NaN,NaN,NaN,NaN,NaN,NaN,NaN,NaN,NaN,NaN,NaN,NaN,NaN,NaN,NaN,NaN,NaN,NaN,NaN,NaN,NaN,NaN
840.33,1312.1,-9.2314,-10.714,0.0043633,-95,1027.9,20.192,1.128,-0.011636,-1414.1,330.41,12.285,8.3718,-0.017453,-1156,250,43,0,0,NaN,NaN,NaN,NaN,NaN,NaN,NaN,NaN,NaN,NaN,NaN,NaN,NaN,NaN,NaN,NaN,NaN,NaN,NaN,NaN,NaN,NaN,NaN,NaN,NaN,NaN,NaN,NaN,NaN,NaN
831.12,1301.4,-9.1846,-10.754,0.0043633,-74.802,1028.9,20.204,0.893,-0.011636,-1401.7,338.67,12.429,8.1561,-0.017453,-1113,250,43,0,0,NaN,NaN,NaN,NaN,NaN,NaN,NaN,NaN,NaN,NaN,NaN,NaN,NaN,NaN,NaN,NaN,NaN,NaN,NaN,NaN,NaN,NaN,NaN,NaN,NaN,NaN,NaN,NaN,NaN,NaN
821.96,1290.6,-9.1376,-10.794,0.0043633,-54.593,1029.7,20.213,0.65786,-0.011636,-1389.2,346.72,12.569,7.9379,-0.017453,-1070,250,43,0,0,NaN,NaN,NaN,NaN,NaN,NaN,NaN,NaN,NaN,NaN,NaN,NaN,NaN,NaN,NaN,NaN,NaN,NaN,NaN,NaN,NaN,NaN,NaN,NaN,NaN,NaN,NaN,NaN,NaN,NaN
812.84,1279.8,-9.0904,-10.834,0.0043633,-34.377,1030.3,20.219,0.42263,-0.011636,-1376.6,354.55,12.706,7.7174,-0.017453,-1027,250,43,0,0,257.11,743.97,10.956,5.0958,0.0087266,NaN,NaN,NaN,NaN,NaN,NaN,NaN,NaN,NaN,NaN,NaN,NaN,NaN,NaN,NaN,NaN,NaN,NaN,NaN,NaN,NaN,NaN,NaN,NaN,NaN
803.78,1268.9,-9.043,-10.873,0.0043633,-14.156,1030.6,20.223,0.18734,-0.011636,-1363.8,362.15,12.839,7.4944,-0.017453,-984,250,43,0,0,268.04,749.12,10.911,5.1912,0.0087266,NaN,NaN,NaN,NaN,NaN,NaN,NaN,NaN,NaN,NaN,NaN,NaN,NaN,NaN,NaN,NaN,NaN,NaN,NaN,NaN,NaN,NaN,NaN,NaN,NaN
794.76,1258,-8.9955,-10.912,0.0043633,6.0679,1030.6,20.224,-0.047969,-0.011636,-1350.9,369.53,12.968,7.2692,-0.017453,-941,250,43,0,0,278.93,754.36,10.865,5.2862,0.0087266,NaN,NaN,NaN,NaN,NaN,NaN,NaN,NaN,NaN,NaN,NaN,NaN,NaN,NaN,NaN,NaN,NaN,NaN,NaN,NaN,NaN,NaN,NaN,NaN,NaN
785.78,1247.1,-8.9478,-10.952,0.0043633,26.291,1030.5,20.222,-0.28327,-0.011636,-1337.9,376.69,13.092,7.0418,-0.017453,-898,250,43,0,0,289.77,759.69,10.819,5.3808,0.0087266,NaN,NaN,NaN,NaN,NaN,NaN,NaN,NaN,NaN,NaN,NaN,NaN,NaN,NaN,NaN,NaN,NaN,NaN,NaN,NaN,NaN,NaN,NaN,NaN,NaN
776.86,1236.1,-8.8999,-10.991,0.0043633,46.511,1030.1,20.217,-0.51854,-0.011636,-1324.7,383.62,13.213,6.8122,-0.017453,-855,250,43,0,0,300.57,765.12,10.771,5.4751,0.0087266,NaN,NaN,NaN,NaN,NaN,NaN,NaN,NaN,NaN,NaN,NaN,NaN,NaN,NaN,NaN,NaN,NaN,NaN,NaN,NaN,NaN,NaN,NaN,NaN,NaN
767.98,1225.1,-8.8519,-11.029,0.0043633,66.724,1029.4,20.21,-0.75374,-0.011636,-1311.5,390.31,13.33,6.5806,-0.017453,-812,250,43,0,0,311.32,770.64,10.723,5.5688,0.0087266,NaN,NaN,NaN,NaN,NaN,NaN,NaN,NaN,NaN,NaN,NaN,NaN,NaN,NaN,NaN,NaN,NaN,NaN,NaN,NaN,NaN,NaN,NaN,NaN,NaN
759.16,1214.1,-8.8037,-11.068,0.0043633,86.929,1028.6,20.2,-0.98883,-0.011636,-1298.1,396.78,13.443,6.347,-0.017453,-769,250,43,0,0,322.02,776.25,10.674,5.6622,0.0087266,NaN,NaN,NaN,NaN,NaN,NaN,NaN,NaN,NaN,NaN,NaN,NaN,NaN,NaN,NaN,NaN,NaN,NaN,NaN,NaN,NaN,NaN,NaN,NaN,NaN
750.38,1203,-8.7553,-11.106,0.0043633,107.12,1027.5,20.187,-1.2238,-0.011636,-1284.6,403.01,13.552,6.1114,-0.017453,-726,250,43,0,0,332.67,781.96,10.624,5.7551,0.0087266,NaN,NaN,NaN,NaN,NaN,NaN,NaN,NaN,NaN,NaN,NaN,NaN,NaN,NaN,NaN,NaN,NaN,NaN,NaN,NaN,NaN,NaN,NaN,NaN,NaN
741.65,1191.9,-8.7068,-11.144,0.0043633,127.3,1026.1,20.171,-1.4586,-0.011636,-1271,409,13.656,5.8739,-0.017453,-683,250,43,0,0,343.26,787.76,10.574,5.8476,0.0087266,NaN,NaN,NaN,NaN,NaN,NaN,NaN,NaN,NaN,NaN,NaN,NaN,NaN,NaN,NaN,NaN,NaN,NaN,NaN,NaN,NaN,NaN,NaN,NaN,NaN
732.96,1180.7,-8.6581,-11.182,0.0043633,147.46,1024.5,20.153,-1.6932,-0.011636,-1257.3,414.75,13.757,5.6347,-0.017453,-640,250,43,0,0,353.81,793.66,10.522,5.9397,0.0087266,NaN,NaN,NaN,NaN,NaN,NaN,NaN,NaN,NaN,NaN,NaN,NaN,NaN,NaN,NaN,NaN,NaN,NaN,NaN,NaN,NaN,NaN,NaN,NaN,NaN
724.33,1169.5,-8.6092,-11.22,0.0043633,167.61,1022.7,20.132,-1.9276,-0.011636,-1243.5,420.27,13.853,5.3938,-0.017453,-597,250,43,0,0,364.31,799.64,10.47,6.0313,0.0087266,NaN,NaN,NaN,NaN,NaN,NaN,NaN,NaN,NaN,NaN,NaN,NaN,NaN,NaN,NaN,NaN,NaN,NaN,NaN,NaN,NaN,NaN,NaN,NaN,NaN
715.75,1158.3,-8.5601,-11.257,0.0043633,187.73,1020.7,20.108,-2.1617,-0.011636,-1229.6,425.54,13.945,5.1512,-0.017453,-554,250,43,0,0,374.75,805.72,10.417,6.1224,0.0087266,NaN,NaN,NaN,NaN,NaN,NaN,NaN,NaN,NaN,NaN,NaN,NaN,NaN,NaN,NaN,NaN,NaN,NaN,NaN,NaN,NaN,NaN,NaN,NaN,NaN
707.21,1147,-8.5109,-11.294,0.0043633,207.82,1018.4,20.081,-2.3955,-0.011636,-1215.6,430.57,14.033,4.907,-0.017453,-511,250,43,0,0,385.14,811.89,10.363,6.2131,0.0087266,NaN,NaN,NaN,NaN,NaN,NaN,NaN,NaN,NaN,NaN,NaN,NaN,NaN,NaN,NaN,NaN,NaN,NaN,NaN,NaN,NaN,NaN,NaN,NaN,NaN
698.72,1135.7,-8.4616,-11.331,0.0043633,227.89,1015.9,20.052,-2.629,-0.011636,-1201.5,435.35,14.116,4.6614,-0.017453,-468,250,43,0,0,395.48,818.15,10.309,6.3033,0.0087266,NaN,NaN,NaN,NaN,NaN,NaN,NaN,NaN,NaN,NaN,NaN,NaN,NaN,NaN,NaN,NaN,NaN,NaN,NaN,NaN,NaN,NaN,NaN,NaN,NaN
690.29,1124.3,-8.4121,-11.368,0.0043633,247.92,1013.1,20.02,-2.8621,-0.011636,-1187.3,439.89,14.196,4.4143,-0.017453,-425,250,43,0,0,405.76,824.5,10.253,6.393,0.0087266,NaN,NaN,NaN,NaN,NaN,NaN,NaN,NaN,NaN,NaN,NaN,NaN,NaN,NaN,NaN,NaN,NaN,NaN,NaN,NaN,NaN,NaN,NaN,NaN,NaN
681.9,1112.9,-8.3624,-11.405,0.0043633,267.93,1010.2,19.986,-3.0948,-0.011636,-1173.1,444.18,14.27,4.1659,-0.017453,-382,250,43,0,0,415.99,830.93,10.197,6.4822,0.0087266,NaN,NaN,NaN,NaN,NaN,NaN,NaN,NaN,NaN,NaN,NaN,NaN,NaN,NaN,NaN,NaN,NaN,NaN,NaN,NaN,NaN,NaN,NaN,NaN,NaN
673.56,1101.5,-8.3125,-11.441,0.0043633,287.89,1007,19.948,-3.3272,-0.011636,-1158.8,448.22,14.341,3.9162,-0.017453,-339,250,43,0,0,426.15,837.46,10.14,6.571,0.0087266,NaN,NaN,NaN,NaN,NaN,NaN,NaN,NaN,NaN,NaN,NaN,NaN,NaN,NaN,NaN,NaN,NaN,NaN,NaN,NaN,NaN,NaN,NaN,NaN,NaN
665.27,1090.1,-8.2625,-11.477,0.0043633,307.82,1003.5,19.908,-3.559,-0.011636,-1144.4,452.01,14.407,3.6653,-0.017453,-296,250,43,0,0,436.27,844.07,10.082,6.6592,0.0087266,NaN,NaN,NaN,NaN,NaN,NaN,NaN,NaN,NaN,NaN,NaN,NaN,NaN,NaN,NaN,NaN,NaN,NaN,NaN,NaN,NaN,NaN,NaN,NaN,NaN
657.04,1078.6,-8.2124,-11.513,0.0043633,327.71,999.84,19.865,-3.7904,-0.011636,-1130,455.55,14.469,3.4133,-0.017453,-253,250,43,0,0,446.32,850.78,10.024,6.747,0.0087266,NaN,NaN,NaN,NaN,NaN,NaN,NaN,NaN,NaN,NaN,NaN,NaN,NaN,NaN,NaN,NaN,NaN,NaN,NaN,NaN,NaN,NaN,NaN,NaN,NaN
648.85,1067,-8.1621,-11.549,0.0043633,347.55,995.93,19.82,-4.0213,-0.011636,-1115.5,458.84,14.526,3.1603,-0.017453,-210,250,43,0,0,456.31,857.57,9.9646,6.8342,0.0087266,NaN,NaN,NaN,NaN,NaN,NaN,NaN,NaN,NaN,NaN,NaN,NaN,NaN,NaN,NaN,NaN,NaN,NaN,NaN,NaN,NaN,NaN,NaN,NaN,NaN
640.71,1055.5,-8.1116,-11.585,0.0043633,367.35,991.8,19.772,-4.2517,-0.011636,-1100.9,461.87,14.579,2.9063,-0.017453,-167,250,43,0,0,466.25,864.45,9.9046,6.9209,0.0087266,-254.51,981.1,-11.789,-12.208,0.017453,1000,1490,0.087265,-9.9996,0.0087266,200,750.22,-49.998,0.43633,-0.0087266,NaN,NaN,NaN,NaN,NaN,NaN,NaN,NaN,NaN,NaN
632.63,1043.9,-8.061,-11.62,0.0043633,387.1,987.43,19.721,-4.4814,-0.011636,-1086.3,464.65,14.628,2.6514,-0.017453,-124,250,43,0,0,476.12,871.41,9.8439,7.007,0.0087266,-266.2,968.79,-11.574,-12.411,0.017453,1000.2,1480,0.17452,-9.9985,0.0087266,150.01,750.87,-49.992,0.87262,-0.0087266,NaN,NaN,NaN,NaN,NaN,NaN,NaN,NaN,NaN,NaN
624.59,1032.2,-8.0102,-11.655,0.0043633,406.79,982.83,19.667,-4.7106,-0.011636,-1071.7,467.18,14.672,2.3957,-0.017453,-81,250,43,0,0,485.93,878.46,9.7823,7.0927,0.0087266,-277.66,956.27,-11.356,-12.612,0.017453,1000.4,1470,0.26177,-9.9966,0.0087266,100.02,751.96,-49.983,1.3088,-0.0087266,NaN,NaN,NaN,NaN,NaN,NaN,NaN,NaN,NaN,NaN
616.61,1020.6,-7.9593,-11.69,0.0043633,426.43,978.01,19.611,-4.9391,-0.011636,-1057,469.44,14.711,2.1393,-0.017453,-38,250,43,0,0,495.69,885.6,9.7201,7.1778,0.0087266,-288.91,943.56,-11.134,-12.808,0.017453,1000.7,1460,0.34899,-9.9939,0.0087266,50.041,753.49,-49.97,1.745,-0.0087266,NaN,NaN,NaN,NaN,NaN,NaN,NaN,NaN,NaN,NaN
608.67,1008.8,-7.9082,-11.724,0.0043633,446.01,972.96,19.553,-5.1669,-0.011636,-1042.3,471.45,14.746,1.8822,-0.017453,5,250,43,0,0,505.37,892.82,9.6571,7.2623,0.0087266,-299.93,930.66,-10.908,-13,0.017453,1001.1,1450,0.43619,-9.9905,0.0087266,0.07932,755.45,-49.952,2.181,-0.0087266,NaN,NaN,NaN,NaN,NaN,NaN,NaN,NaN,NaN,NaN
600.79,997.1,-7.8569,-11.759,0.0043633,465.53,967.68,19.491,-5.3941,-0.011636,-1027.5,473.21,14.777,1.6245,-0.017453,48,250,43,0,0,515,900.12,9.5933,7.3463,0.0087266,-310.72,917.57,-10.68,-13.189,0.017453,1001.6,1440,0.52336,-9.9863,0.0087266,-49.863,757.85,-49.931,2.6168,-0.0087266,NaN,NaN,NaN,NaN,NaN,NaN,NaN,NaN,NaN,NaN
592.96,985.33,-7.8056,-11.793,0.0043633,484.99,962.17,19.427,-5.6205,-0.011636,-1012.7,474.7,14.803,1.3664,-0.017453,91,250,43,0,0,524.56,907.51,9.5288,7.4297,0.0087266,-321.29,904.28,-10.448,-13.373,0.017453,1002.1,1430,0.61049,-9.9813,0.0087266,-99.782,760.69,-49.907,3.0524,-0.0087266,NaN,NaN,NaN,NaN,NaN,NaN,NaN,NaN,NaN,NaN
585.18,973.52,-7.754,-11.827,0.0043633,504.39,956.43,19.36,-5.8462,-0.011636,-997.9,475.94,14.825,1.1078,-0.017453,134,250,43,0,0,534.06,914.98,9.4636,7.5126,0.0087266,-331.62,890.82,-10.213,-13.553,0.017453,1002.8,1420.1,0.69756,-9.9756,0.0087266,-149.68,763.96,-49.878,3.4878,-0.0087266,NaN,NaN,NaN,NaN,NaN,NaN,NaN,NaN,NaN,NaN
577.45,961.67,-7.7024,-11.861,0.0043633,523.71,950.48,19.291,-6.071,-0.011636,-983.06,476.92,14.842,0.84894,-0.017453,177,250,43,0,0,543.49,922.53,9.3977,7.5949,0.0087266,-341.71,877.18,-9.975,-13.729,0.017453,1003.5,1410.1,0.78459,-9.9692,0.0087266,-199.54,767.66,-49.846,3.923,-0.0087266,NaN,NaN,NaN,NaN,NaN,NaN,NaN,NaN,NaN,NaN
569.77,949.8,-7.6505,-11.894,0.0043633,542.97,944.29,19.219,-6.2951,-0.011636,-968.21,477.64,14.854,0.58978,-0.017453,220,250,43,0,0,552.85,930.17,9.3311,7.6766,0.0087266,-351.57,863.36,-9.7339,-13.901,0.017453,1004.4,1400.1,0.87156,-9.9619,0.0087266,-249.37,771.8,-49.81,4.3578,-0.0087266,NaN,NaN,NaN,NaN,NaN,NaN,NaN,NaN,NaN,NaN
562.15,937.89,-7.5986,-11.927,0.0043633,562.15,937.89,19.145,-6.5183,-0.011636,-953.36,478.1,14.862,0.33045,-0.017453,263,250,43,0,0,562.15,937.89,9.2637,7.7578,0.0087266,-361.18,849.38,-9.4898,-14.069,0.017453,1005.3,1390.2,0.95846,-9.954,0.0087266,-299.16,776.38,-49.77,4.7923,-0.0087266,NaN,NaN,NaN,NaN,NaN,NaN,NaN,NaN,NaN,NaN
554.58,925.94,-7.5464,-11.96,0.0043633,581.26,931.26,19.067,-6.7406,-0.011636,-938.49,478.3,14.866,0.071012,-0.017453,306,250,43,0,0,571.38,945.68,9.1957,7.8383,0.0087266,-370.54,835.23,-9.2428,-14.233,0.017453,1006.3,1380.2,1.0453,-9.9452,0.0087266,-348.9,781.39,-49.726,5.2264,-0.0087266,NaN,NaN,NaN,NaN,NaN,NaN,NaN,NaN,NaN,NaN
547.06,913.96,-7.4942,-11.993,0.0043633,600.28,924.4,18.988,-6.962,-0.011636,-923.63,478.24,14.865,-0.18844,-0.017453,349,250,43,0,0,580.54,953.56,9.1269,7.9183,0.0087266,-379.66,820.91,-8.993,-14.392,0.017453,1007.4,1370.3,1.132,-9.9357,0.0087266,-398.61,786.83,-49.679,5.6602,-0.0087266,NaN,NaN,NaN,NaN,NaN,NaN,NaN,NaN,NaN,NaN
539.59,901.96,-7.4418,-12.026,0.0043633,619.23,917.33,18.905,-7.1824,-0.011636,-908.76,477.92,14.859,-0.44784,-0.017453,392,250,43,0,0,589.63,961.52,9.0575,7.9976,0.0087266,-388.53,806.44,-8.7405,-14.547,0.017453,1008.5,1360.3,1.2187,-9.9255,0.0087266,-448.26,792.71,-49.627,6.0935,-0.0087266,NaN,NaN,NaN,NaN,NaN,NaN,NaN,NaN,NaN,NaN
532.17,889.91,-7.3892,-12.058,0.0043633,638.09,910.04,18.821,-7.4019,-0.011636,-893.91,477.34,14.849,-0.70711,-0.017453,435,250,43,0,0,598.66,969.56,8.9874,8.0763,0.0087266,-397.14,791.82,-8.4853,-14.697,0.017453,1009.8,1350.4,1.3053,-9.9144,0.0087266,-497.86,799.02,-49.572,6.5263,-0.0087266,NaN,NaN,NaN,NaN,NaN,NaN,NaN,NaN,NaN,NaN
524.81,877.84,-7.3366,-12.09,0.0043633,656.87,902.53,18.733,-7.6204,-0.011636,-879.07,476.51,14.835,-0.96615,-0.017453,478,250,43,0,0,607.61,977.67,8.9165,8.1545,0.0087266,-405.5,777.05,-8.2275,-14.843,0.017453,1011.2,1340.5,1.3917,-9.9027,0.0087266,-547.4,805.76,-49.513,6.9587,-0.0087266,NaN,NaN,NaN,NaN,NaN,NaN,NaN,NaN,NaN,NaN
517.5,865.73,-7.2837,-12.122,0.0043633,675.56,894.8,18.643,-7.8379,-0.011636,-864.24,475.41,14.816,-1.2249,-0.017453,521,250,43,0,0,616.49,985.87,8.845,8.232,0.0087266,-413.6,762.14,-7.9672,-14.984,0.017453,1012.6,1330.6,1.4781,-9.8902,0.0087266,-596.89,812.93,-49.451,7.3905,-0.0087266,NaN,NaN,NaN,NaN,NaN,NaN,NaN,NaN,NaN,NaN
510.24,853.59,-7.2308,-12.154,0.0043633,694.16,886.85,18.551,-8.0542,-0.011636,-849.44,474.06,14.792,-1.4833,-0.017453,564,250,43,0,0,625.3,994.14,8.7729,8.3088,0.0087266,-421.43,747.09,-7.7045,-15.121,0.017453,1014.1,1320.7,1.5643,-9.8769,0.0087266,-646.3,820.54,-49.384,7.8217,-0.0087266,NaN,NaN,NaN,NaN,NaN,NaN,NaN,NaN,NaN,NaN
503.04,841.43,-7.1777,-12.185,0.0043633,712.66,878.69,18.456,-8.2695,-0.011636,-834.66,472.45,14.764,-1.7412,-0.017453,607,250,43,0,0,634.03,1002.5,8.7,8.3851,0.0087266,-429,731.9,-7.4394,-15.253,0.017453,1015.7,1310.9,1.6505,-9.8629,0.0087266,-695.65,828.58,-49.314,8.2524,-0.0087266,NaN,NaN,NaN,NaN,NaN,NaN,NaN,NaN,NaN,NaN
495.89,829.22,-7.1244,-12.216,0.0043633,731.07,870.32,18.358,-8.4837,-0.011636,-819.91,470.58,14.731,-1.9986,-0.017453,650,250,43,0,0,642.7,1010.9,8.6265,8.4607,0.0087266,-436.31,716.58,-7.1721,-15.381,0.017453,1017.4,1301,1.7365,-9.8481,0.0087266,-744.93,837.05,-49.24,8.6824,-0.0087266,NaN,NaN,NaN,NaN,NaN,NaN,NaN,NaN,NaN,NaN
488.79,816.99,-7.0711,-12.247,0.0043633,749.38,861.72,18.258,-8.6967,-0.011636,-805.2,468.45,14.694,-2.2554,-0.017453,693,250,43,0,0,651.29,1019.4,8.5524,8.5356,0.0087266,-443.35,701.14,-6.9025,-15.503,0.017453,1019.2,1291.2,1.8224,-9.8325,0.0087266,-794.13,845.94,-49.163,9.1118,-0.0087266,950,1500.2,-49.998,0.43633,-0.0087266,209.89,774.83,-40.217,24.65,0.0087266
481.75,804.73,-7.0176,-12.278,0.0043633,767.58,852.92,18.156,-8.9086,-0.011636,-790.52,466.07,14.652,-2.5115,-0.017453,736,250,43,0,0,659.8,1028,8.4775,8.6099,0.0087266,-450.12,685.58,-6.6309,-15.621,0.017453,1021.1,1281.3,1.9081,-9.8163,0.0087266,-843.26,855.27,-49.081,9.5404,-0.0087266,900.01,1500.9,-49.992,0.87262,-0.0087266,169.57,799.3,-40.43,24.298,0.0087266
474.76,792.44,-6.9639,-12.309,0.0043633,785.69,843.91,18.051,-9.1192,-0.011636,-775.89,463.43,14.606,-2.7668,-0.017453,779,250,43,0,0,668.24,1036.6,8.4021,8.6836,0.0087266,-456.61,669.9,-6.3573,-15.735,0.017453,1023,1271.5,1.9937,-9.7992,0.0087266,-892.29,865.02,-48.996,9.9684,-0.0087266,850.02,1502,-49.983,1.3088,-0.0087266,129.03,823.42,-40.641,23.944,0.0087266
467.82,780.11,-6.9101,-12.339,0.0043633,803.68,834.68,17.944,-9.3287,-0.011636,-761.31,460.53,14.556,-3.0213,-0.017453,822,250,43,0,0,676.61,1045.3,8.326,8.7566,0.0087266,-462.83,654.11,-6.0817,-15.843,0.017453,1025,1261.8,2.0791,-9.7815,0.0087266,-941.25,875.21,-48.907,10.396,-0.0087266,800.04,1503.5,-49.97,1.745,-0.0087266,88.287,847.19,-40.848,23.589,0.0087266
460.93,767.76,-6.8562,-12.369,0.0043633,821.57,825.25,17.834,-9.5368,-0.011636,-746.78,457.38,14.501,-3.2749,-0.017453,865,250,43,0,0,684.89,1054.1,8.2493,8.8289,0.0087266,-468.77,638.21,-5.8043,-15.947,0.017453,1027.2,1252,2.1644,-9.763,0.0087266,-990.11,885.81,-48.815,10.822,-0.0087266,750.08,1505.5,-49.952,2.181,-0.0087266,47.337,870.6,-41.052,23.231,0.0087266
454.11,755.37,-6.8022,-12.399,0.0043633,839.35,815.61,17.722,-9.7437,-0.011636,-732.31,453.98,14.441,-3.5275,-0.017453,908,250,43,0,0,693.1,1063,8.1719,8.9006,0.0087266,-474.44,622.21,-5.5251,-16.046,0.017453,1029.4,1242.2,2.2495,-9.7437,0.0087266,-1038.9,896.85,-48.719,11.248,-0.0087266,700.14,1507.9,-49.931,2.6168,-0.0087266,6.1836,893.65,-41.254,22.872,0.0087266
447.33,742.96,-6.748,-12.428,0.0043633,857.02,805.76,17.607,-9.9492,-0.011636,-717.9,450.33,14.378,-3.779,-0.017453,951,250,43,0,0,701.24,1071.9,8.0939,8.9715,0.0087266,-479.82,606.12,-5.2442,-16.14,0.017453,1031.7,1232.5,2.3345,-9.7237,0.0087266,-1087.5,908.31,-48.618,11.672,-0.0087266,650.22,1510.7,-49.907,3.0524,-0.0087266,-35.169,916.34,-41.452,22.511,0.0087266
440.61,730.52,-6.6938,-12.458,0.0043633,874.56,795.71,17.49,-10.153,-0.011636,-703.56,446.43,14.31,-4.0293,-0.017453,709.29,1080.9,8.0153,9.0418,0.0087266,-484.92,589.94,-4.9617,-16.229,0.017453,1034,1222.8,2.4192,-9.703,0.0087266,-1136.1,920.19,-48.515,12.096,-0.0087266,600.32,1514,-49.878,3.4878,-0.0087266,-76.719,938.67,-41.646,22.149,0.0087266,NaN,NaN,NaN,NaN,NaN
433.94,718.05,-6.6393,-12.487,0.0043633,892,785.46,17.371,-10.356,-0.011636,-689.29,442.27,14.237,-4.2785,-0.017453,717.27,1090,7.9361,9.1114,0.0087266,-489.74,573.67,-4.6777,-16.313,0.017453,1036.5,1213.1,2.5038,-9.6815,0.0087266,-1184.6,932.5,-48.407,12.519,-0.0087266,550.46,1517.7,-49.846,3.923,-0.0087266,-118.46,960.64,-41.838,21.785,0.0087266,NaN,NaN,NaN,NaN,NaN
427.33,705.54,-6.5848,-12.516,0.0043633,909.31,775,17.249,-10.558,-0.011636,-675.09,437.87,14.16,-4.5263,-0.017453,725.16,1099.2,7.8563,9.1803,0.0087266,-494.28,557.31,-4.3923,-16.392,0.017453,1039,1203.4,2.5882,-9.6593,0.0087266,-1232.9,945.23,-48.296,12.941,-0.0087266,500.63,1521.8,-49.81,4.3578,-0.0087266,-160.39,982.24,-42.027,21.419,0.0087266,NaN,NaN,NaN,NaN,NaN
420.77,693.01,-6.5301,-12.544,0.0043633,926.49,764.34,17.125,-10.758,-0.011636,-660.97,433.22,14.079,-4.7727,-0.017453,732.98,1108.4,7.7759,9.2485,0.0087266,-498.53,540.88,-4.1056,-16.466,0.017453,1041.7,1193.8,2.6724,-9.6363,0.0087266,-1281.2,958.38,-48.182,13.362,-0.0087266,450.84,1526.4,-49.77,4.7923,-0.0087266,-202.51,1003.5,-42.212,21.051,0.0087266,NaN,NaN,NaN,NaN,NaN
414.27,680.46,-6.4753,-12.573,0.0043633,943.56,753.49,16.999,-10.956,-0.011636,-646.93,428.32,13.994,-5.0177,-0.017453,740.72,1117.7,7.6949,9.3161,0.0087266,-502.49,524.38,-3.8175,-16.536,0.017453,1044.4,1184.1,2.7564,-9.6126,0.0087266,-1329.3,971.95,-48.063,13.782,-0.0087266,401.1,1531.4,-49.726,5.2264,-0.0087266,-244.82,1024.3,-42.394,20.682,0.0087266,NaN,NaN,NaN,NaN,NaN
407.82,667.87,-6.4204,-12.601,0.0043633,960.49,742.43,16.87,-11.153,-0.011636,-632.98,423.18,13.904,-5.2612,-0.017453,748.37,1127,7.6133,9.3828,0.0087266,-506.16,507.81,-3.5284,-16.6,0.017453,1047.2,1174.5,2.8402,-9.5882,0.0087266,-1377.3,985.95,-47.941,14.201,-0.0087266,351.39,1536.8,-49.679,5.6602,-0.0087266,-287.3,1044.8,-42.573,20.311,0.0087266,NaN,NaN,NaN,NaN,NaN
401.43,655.25,-6.3654,-12.629,0.0043633,977.3,731.18,16.739,-11.349,-0.011636,-619.12,417.8,13.81,-5.503,-0.017453,755.94,1136.4,7.5311,9.4489,0.0087266,-509.55,491.18,-3.2381,-16.659,0.017453,1050.1,1165,2.9237,-9.563,0.0087266,-1425.2,1000.4,-47.815,14.619,-0.0087266,301.74,1542.7,-49.627,6.0935,-0.0087266,-329.96,1065,-42.749,19.939,0.0087266,NaN,NaN,NaN,NaN,NaN
395.09,642.61,-6.3102,-12.656,0.0043633,993.97,719.73,16.606,-11.543,-0.011636,-605.36,412.18,13.712,-5.7432,-0.017453,763.43,1145.9,7.4484,9.5143,0.0087266,-512.64,474.5,-2.9469,-16.713,0.017453,1053,1155.4,3.0071,-9.5372,0.0087266,-1472.9,1015.2,-47.686,15.035,-0.0087266,252.14,1549,-49.572,6.5263,-0.0087266,-372.8,1084.7,-42.921,19.565,0.0087266,NaN,NaN,NaN,NaN,NaN
388.81,629.94,-6.2549,-12.684,0.0043633,1010.5,708.1,16.471,-11.735,-0.011636,-591.7,406.32,13.61,-5.9816,-0.017453,770.84,1155.5,7.3651,9.5789,0.0087266,-515.44,457.76,-2.6548,-16.762,0.017453,1056.1,1145.9,3.0902,-9.5106,0.0087266,-1520.5,1030.4,-47.553,15.451,-0.0087266,202.6,1555.8,-49.513,6.9587,-0.0087266,-415.8,1104.1,-43.09,19.19,0.0087266,NaN,NaN,NaN,NaN,NaN
382.58,617.24,-6.1995,-12.711,0.0043633,1026.9,696.26,16.333,-11.926,-0.011636,-578.14,400.22,13.503,-6.2182,-0.017453,778.16,1165.1,7.2812,9.6428,0.0087266,-517.95,440.98,-2.3618,-16.805,0.017453,1059.2,1136.4,3.173,-9.4832,0.0087266,-1568,1046.1,-47.416,15.865,-0.0087266,153.11,1562.9,-49.451,7.3905,-0.0087266,-458.98,1123.1,-43.256,18.813,0.0087266,NaN,NaN,NaN,NaN,NaN
376.41,604.52,-6.144,-12.738,0.0043633,1043.2,684.24,16.193,-12.115,-0.011636,-564.7,393.88,13.393,-6.453,-0.017453,785.4,1174.7,7.1968,9.706,0.0087266,-520.16,424.15,-2.0682,-16.844,0.017453,1062.4,1126.9,3.2557,-9.4552,0.0087266,-1615.4,1062.2,-47.276,16.278,-0.0087266,103.7,1570.5,-49.384,7.8217,-0.0087266,-502.31,1141.7,-43.418,18.435,0.0087266,NaN,NaN,NaN,NaN,NaN
370.29,591.77,-6.0883,-12.764,0.0043633,1059.3,672.03,16.051,-12.303,-0.011636,-551.36,387.31,13.278,-6.6857,-0.017453,792.56,1184.5,7.1118,9.7684,0.0087266,-522.09,407.29,-1.7739,-16.878,0.017453,1065.7,1117.5,3.3381,-9.4264,0.0087266,-1662.6,1078.6,-47.132,16.69,-0.0087266,54.347,1578.6,-49.314,8.2524,-0.0087266,-545.81,1160,-43.578,18.055,0.0087266,NaN,NaN,NaN,NaN,NaN
364.23,578.99,-6.0326,-12.791,0.0043633,1075.3,659.64,15.907,-12.489,-0.011636,-538.14,380.51,13.159,-6.9164,-0.017453,799.62,1194.3,7.0263,9.8301,0.0087266,-523.71,390.4,-1.4791,-16.906,0.017453,1069.1,1108.1,3.4202,-9.3969,0.0087266,-1709.6,1095.5,-46.985,17.101,-0.0087266,5.0692,1587,-49.24,8.6824,-0.0087266,-589.47,1177.8,-43.734,17.674,0.0087266,NaN,NaN,NaN,NaN,NaN
358.23,566.19,-5.9767,-12.817,0.0043633,1091.1,647.06,15.761,-12.673,-0.011636,-525.04,373.48,13.036,-7.145,-0.017453,806.61,1204.1,6.9402,9.8911,0.0087266,-525.04,373.48,-1.1838,-16.929,0.017453,1072.6,1098.7,3.5021,-9.3667,0.0087266,-1756.5,1112.8,-46.834,17.51,-0.0087266,-44.133,1595.9,-49.163,9.1118,-0.0087266,-633.28,1195.3,-43.886,17.292,0.0087266,NaN,NaN,NaN,NaN,NaN
352.28,553.36,-5.9207,-12.843,0.0043633,1106.8,634.29,15.612,-12.856,-0.011636,-512.07,366.22,12.91,-7.3715,-0.017453,-526.08,356.54,-0.88817,-16.947,0.017453,1076.1,1089.3,3.5837,-9.3358,0.0087266,-93.255,1605.3,-49.081,9.5404,-0.0087266,-677.24,1212.4,-44.035,16.908,0.0087266,NaN,NaN,NaN,NaN,NaN,NaN,NaN,NaN,NaN,NaN,NaN,NaN,NaN,NaN,NaN
346.39,540.5,-5.8646,-12.869,0.0043633,1122.3,621.35,15.461,-13.036,-0.011636,-499.22,358.74,12.779,-7.5956,-0.017453,-526.82,339.59,-0.59226,-16.96,0.017453,1079.7,1080,3.665,-9.3042,0.0087266,-142.29,1615,-48.996,9.9684,-0.0087266,-721.35,1229.1,-44.181,16.523,0.0087266,NaN,NaN,NaN,NaN,NaN,NaN,NaN,NaN,NaN,NaN,NaN,NaN,NaN,NaN,NaN
340.55,527.62,-5.8084,-12.894,0.0043633,1137.7,608.22,15.309,-13.215,-0.011636,-486.51,351.03,12.645,-7.8175,-0.017453,-527.26,322.62,-0.29618,-16.968,0.017453,1083.4,1070.7,3.7461,-9.2718,0.0087266,-191.25,1625.2,-48.907,10.396,-0.0087266,-765.6,1245.5,-44.324,16.137,0.0087266,NaN,NaN,NaN,NaN,NaN,NaN,NaN,NaN,NaN,NaN,NaN,NaN,NaN,NaN,NaN
334.77,514.71,-5.7521,-12.919,0.0043633,1152.9,594.92,15.154,-13.393,-0.011636,-473.94,343.1,12.506,-8.037,-0.017453,-527.41,305.65,1.9429e-15,-16.971,0.017453,1087.2,1061.5,3.8268,-9.2388,0.0087266,-240.11,1635.8,-48.815,10.822,-0.0087266,-809.99,1261.4,-44.463,15.75,0.0087266,NaN,NaN,NaN,NaN,NaN,NaN,NaN,NaN,NaN,NaN,NaN,NaN,NaN,NaN,NaN
329.05,501.78,-5.6957,-12.944,0.0043633,1168,581.44,14.997,-13.568,-0.011636,-461.5,334.96,12.364,-8.254,-0.017453,-527.26,288.68,0.29618,-16.968,0.017453,1091.1,1052.3,3.9073,-9.205,0.0087266,-288.87,1646.8,-48.719,11.248,-0.0087266,-854.52,1277,-44.599,15.361,0.0087266,NaN,NaN,NaN,NaN,NaN,NaN,NaN,NaN,NaN,NaN,NaN,NaN,NaN,NaN,NaN
323.38,488.82,-5.6392,-12.969,0.0043633,1182.9,567.78,14.838,-13.742,-0.011636,-449.21,326.59,12.218,-8.4686,-0.017453,-526.82,271.72,0.59226,-16.96,0.017453,1095,1043.1,3.9875,-9.1706,0.0087266,-337.54,1658.3,-48.618,11.672,-0.0087266,-899.19,1292.1,-44.731,14.971,0.0087266,NaN,NaN,NaN,NaN,NaN,NaN,NaN,NaN,NaN,NaN,NaN,NaN,NaN,NaN,NaN
317.77,475.84,-5.5825,-12.994,0.0043633,1197.7,553.95,14.677,-13.913,-0.011636,-437.07,318.02,12.069,-8.6805,-0.017453,-526.08,254.76,0.88817,-16.947,0.017453,1099.1,1033.9,4.0674,-9.1355,0.0087266,-386.11,1670.2,-48.515,12.096,-0.0087266,-943.98,1306.9,-44.86,14.581,0.0087266,NaN,NaN,NaN,NaN,NaN,NaN,NaN,NaN,NaN,NaN,NaN,NaN,NaN,NaN,NaN
312.21,462.84,-5.5258,-13.018,0.0043633,1212.3,539.96,14.514,-14.083,-0.011636,-425.07,309.23,11.915,-8.8898,-0.017453,-525.04,237.82,1.1838,-16.929,0.017453,1103.2,1024.8,4.1469,-9.0996,0.0087266,-434.57,1682.5,-48.407,12.519,-0.0087266,-988.91,1321.3,-44.985,14.188,0.0087266,NaN,NaN,NaN,NaN,NaN,NaN,NaN,NaN,NaN,NaN,NaN,NaN,NaN,NaN,NaN
306.72,449.81,-5.4689,-13.042,0.0043633,1226.7,525.79,14.35,-14.251,-0.011636,-413.24,300.24,11.758,-9.0964,-0.017453,-523.71,220.91,1.4791,-16.906,0.017453,1107.4,1015.7,4.2262,-9.0631,0.0087266,-482.92,1695.2,-48.296,12.941,-0.0087266,-1034,1335.3,-45.108,13.795,0.0087266,NaN,NaN,NaN,NaN,NaN,NaN,NaN,NaN,NaN,NaN,NaN,NaN,NaN,NaN,NaN
301.28,436.75,-5.412,-13.066,0.0043633,1241,511.45,14.183,-14.417,-0.011636,-401.56,291.04,11.598,-9.3002,-0.017453,-522.09,204.01,1.7739,-16.878,0.017453,1111.6,1006.7,4.3051,-9.0259,0.0087266,-531.16,1708.4,-48.182,13.362,-0.0087266,-1079.1,1348.9,-45.226,13.401,0.0087266,NaN,NaN,NaN,NaN,NaN,NaN,NaN,NaN,NaN,NaN,NaN,NaN,NaN,NaN,NaN
295.89,423.68,-5.3549,-13.089,0.0043633,1255.1,496.96,14.014,-14.581,-0.011636,-390.04,281.64,11.434,-9.5012,-0.017453,-520.16,187.15,2.0682,-16.844,0.017453,1116,997.66,4.3837,-8.9879,0.0087266,-579.29,1722,-48.063,13.782,-0.0087266,-1124.4,1362.1,-45.341,13.006,0.0087266,NaN,NaN,NaN,NaN,NaN,NaN,NaN,NaN,NaN,NaN,NaN,NaN,NaN,NaN,NaN
290.57,410.58,-5.2977,-13.112,0.0043633,1269,482.29,13.843,-14.743,-0.011636,-378.69,272.04,11.266,-9.6993,-0.017453,-517.95,170.33,2.3618,-16.805,0.017453,1120.4,988.69,4.462,-8.9493,0.0087266,-627.29,1735.9,-47.941,14.201,-0.0087266,-1169.8,1374.9,-45.453,12.61,0.0087266,NaN,NaN,NaN,NaN,NaN,NaN,NaN,NaN,NaN,NaN,NaN,NaN,NaN,NaN,NaN
285.3,397.45,-5.2405,-13.135,0.0043633,1282.8,467.47,13.671,-14.903,-0.011636,-367.51,262.24,11.095,-9.8945,-0.017453,-515.44,153.54,2.6548,-16.762,0.017453,1124.9,979.77,4.5399,-8.9101,0.0087266,-675.17,1750.4,-47.815,14.619,-0.0087266,-1215.3,1387.3,-45.561,12.213,0.0087266,NaN,NaN,NaN,NaN,NaN,NaN,NaN,NaN,NaN,NaN,NaN,NaN,NaN,NaN,NaN
280.09,384.3,-5.1831,-13.158,0.0043633,1296.4,452.49,13.497,-15.061,-0.011636,-356.5,252.25,10.921,-10.087,-0.017453,-512.64,136.81,2.9469,-16.713,0.017453,1129.5,970.88,4.6175,-8.8701,0.0087266,-722.92,1765.2,-47.686,15.035,-0.0087266,-1260.9,1399.3,-45.666,11.815,0.0087266,NaN,NaN,NaN,NaN,NaN,NaN,NaN,NaN,NaN,NaN,NaN,NaN,NaN,NaN,NaN
274.93,371.14,-5.1256,-13.181,0.0043633,1309.8,437.35,13.32,-15.217,-0.011636,-345.67,242.07,10.743,-10.276,-0.017453,-509.55,120.12,3.2381,-16.659,0.017453,1134.1,962.03,4.6947,-8.8295,0.0087266,-770.54,1780.4,-47.553,15.451,-0.0087266,-1306.6,1410.9,-45.768,11.416,0.0087266,NaN,NaN,NaN,NaN,NaN,NaN,NaN,NaN,NaN,NaN,NaN,NaN,NaN,NaN,NaN
269.84,357.94,-5.0681,-13.203,0.0043633,1323,422.05,13.143,-15.371,-0.011636,-335.02,231.7,10.562,-10.462,-0.017453,-506.16,103.49,3.5284,-16.6,0.017453,1138.9,953.22,4.7716,-8.7882,0.0087266,-818.02,1796.1,-47.416,15.865,-0.0087266,-1352.5,1422.1,-45.866,11.016,0.0087266,NaN,NaN,NaN,NaN,NaN,NaN,NaN,NaN,NaN,NaN,NaN,NaN,NaN,NaN,NaN
264.8,344.73,-5.0104,-13.225,0.0043633,1336.1,406.61,12.963,-15.523,-0.011636,-324.55,221.15,10.378,-10.644,-0.017453,-502.49,86.922,3.8175,-16.536,0.017453,1143.7,944.45,4.8481,-8.7462,0.0087266,-865.37,1812.2,-47.276,16.278,-0.0087266,-1398.4,1433,-45.96,10.615,0.0087266,NaN,NaN,NaN,NaN,NaN,NaN,NaN,NaN,NaN,NaN,NaN,NaN,NaN,NaN,NaN
259.81,331.49,-4.9527,-13.247,0.0043633,1348.9,391.01,12.781,-15.673,-0.011636,-314.26,210.42,10.19,-10.824,-0.017453,-498.53,70.421,4.1056,-16.466,0.017453,1148.6,935.72,4.9242,-8.7036,0.0087266,-912.57,1828.6,-47.132,16.69,-0.0087266,-1444.4,1443.4,-46.051,10.214,0.0087266,NaN,NaN,NaN,NaN,NaN,NaN,NaN,NaN,NaN,NaN,NaN,NaN,NaN,NaN,NaN
254.89,318.24,-4.8948,-13.268,0.0043633,1361.6,375.26,12.598,-15.821,-0.011636,-304.17,199.5,10,-11,-0.017453,-494.28,53.991,4.3923,-16.392,0.017453,1153.5,927.04,5,-8.6603,0.0087266,-959.63,1845.5,-46.985,17.101,-0.0087266,-1490.5,1453.4,-46.138,9.8115,0.0087266,NaN,NaN,NaN,NaN,NaN,NaN,NaN,NaN,NaN,NaN,NaN,NaN,NaN,NaN,NaN
250.02,304.96,-4.8369,-13.289,0.0043633,1374.1,359.37,12.413,-15.966,-0.011636,-294.27,188.42,9.8065,-11.173,-0.017453,-489.74,37.638,4.6777,-16.313,0.017453,1158.6,918.4,5.0754,-8.6163,0.0087266,-1006.5,1862.8,-46.834,17.51,-0.0087266,-1536.7,1463,-46.222,9.4085,0.0087266,NaN,NaN,NaN,NaN,NaN,NaN,NaN,NaN,NaN,NaN,NaN,NaN,NaN,NaN,NaN
