0.75873,-0.8806,0.97918,0.99345,-0.21456,0.99792,-1.0197,-1.5529,0.92885,0.31053,-1.2405,-1.4562,1.5109,1.2269,0.76177,0.25711,-0.91098,0.84545,-0.67263,1.4923,-0.44137,-0.45617,-1.0113,-1.4299,-0.38876,NaN,NaN,NaN,NaN,NaN,NaN,NaN,NaN,NaN
0.7566,-0.42981,-0.70131,-1.0254,1.4357,0.72665,-1.2816,0.027328,0.088075,-0.32975,0.9596,-0.58727,0.12693,-1.2227,-0.13515,-0.77202,-0.94209,0.87427,NaN,NaN,NaN,NaN,NaN,NaN,NaN,NaN,NaN,NaN,NaN,NaN,NaN,NaN,NaN,NaN
0.75767,-1.0658,1.4249,-0.43817,-0.71681,0.61626,0.67881,-1.5664,-0.024608,-0.45774,-0.17223,-0.71137,-1.4874,-0.68128,1.5422,1.5492,0.51673,-1.0268,-0.81097,0.25979,-0.35549,NaN,NaN,NaN,NaN,NaN,NaN,NaN,NaN,NaN,NaN,NaN,NaN,NaN
0.79839,-0.49091,0.663,-1.1529,-1.069,1.0607,-0.88507,1.505,1.1309,-0.78278,1.1212,0.51295,-0.77603,0.73124,1.4257,0.41529,1.2642,-0.29568,0.61447,1.125,-1.3503,1.5068,-0.023899,0.9757,0.30233,0.29028,0.16971,-0.56778,NaN,NaN,NaN,NaN,NaN,NaN
0.74097,-0.19354,-0.81747,0.6657,0.18553,0.33022,1.1322,1.0983,1.1861,0.72098,-0.97127,-0.81483,NaN,NaN,NaN,NaN,NaN,NaN,NaN,NaN,NaN,NaN,NaN,NaN,NaN,NaN,NaN,NaN,NaN,NaN,NaN,NaN,NaN,NaN
0.78925,0.28176,0.56059,-0.67308,-1.4246,1.3966,0.31997,-1,-0.97367,-0.013126,1.1292,-0.19708,-1.3989,0.91033,0.68405,-1.1205,-0.58492,-1.5311,0.20735,0.71255,-0.41577,-0.144,-1.2795,-1.2851,0.5678,NaN,NaN,NaN,NaN,NaN,NaN,NaN,NaN,NaN
0.7651,0.31202,-0.60671,1.3349,-0.32737,0.42439,-1.4099,-1.1849,1.0337,0.88299,-1.1358,1.3237,0.64225,0.14625,1.5157,1.2493,0.23397,0.17114,-0.98811,-1.1045,1.38,-1.2266,-0.36418,-0.80271,-1.2614,-1.2351,0.062052,-0.13908,0.31103,NaN,NaN,NaN,NaN,NaN
0.7846,0.46364,1.4267,0.26801,0.74912,1.3424,-1.4767,0.068416,-0.13018,1.281,-0.98296,-1.5273,0.96976,-1.094,1.4193,0.87391,-0.89957,-1.1181,-0.29614,0.037142,0.075467,NaN,NaN,NaN,NaN,NaN,NaN,NaN,NaN,NaN,NaN,NaN,NaN,NaN
0.71199,-1.0785,1.4824,-0.15432,-0.020383,-1.0967,-0.90703,-0.35419,-0.22417,1.5559,-1.2309,1.2273,-1.35,-1.2371,1.1855,-1.1447,0.80789,1.1196,0.060752,0.4988,0.0077485,0.16503,0.21535,-1.1702,NaN,NaN,NaN,NaN,NaN,NaN,NaN,NaN,NaN,NaN
0.78691,1.2616,-0.67126,-1.3623,-1.4079,0.68241,-0.44062,-0.21062,1.4484,-0.29218,0.21381,-1.1399,-1.1219,-0.4123,-1.1427,-1.4062,0.85045,0.38102,0.56521,0.712,-1.2727,NaN,NaN,NaN,NaN,NaN,NaN,NaN,NaN,NaN,NaN,NaN,NaN,NaN
0.80403,-0.33366,-1.5044,0.20599,-1.0592,-0.45417,0.2581,1.2015,-0.62888,-1.2535,0.71913,-0.67209,1.5692,-0.078158,-1.2585,1.0488,0.99274,0.56965,0.6313,-0.92036,-0.29527,NaN,NaN,NaN,NaN,NaN,NaN,NaN,NaN,NaN,NaN,NaN,NaN,NaN
0.81632,0.84554,-0.38954,-0.91584,-0.81863,-0.38932,-0.81147,-1.0039,1.1433,1.3826,1.5152,1.1848,-0.5662,0.65774,0.32834,0.47095,1.1262,0.11845,0.37569,-0.11343,-0.31102,0.0022278,0.34213,-0.79184,1.351,1.1958,-0.46678,NaN,NaN,NaN,NaN,NaN,NaN,NaN
0.79579,-0.91469,0.23007,0.0082265,0.87722,0.84363,-1.0887,0.041568,-1.3106,-0.71266,-0.45639,1.5182,-0.056024,1.392,-1.4761,0.77685,-1.24,0.65307,0.028499,1.1657,-0.040436,NaN,NaN,NaN,NaN,NaN,NaN,NaN,NaN,NaN,NaN,NaN,NaN,NaN
0.77974,0.56217,0.6584,-0.18246,-0.067753,0.20038,-0.52626,-0.59588,-0.45718,-0.17622,-0.76209,-1.1887,-1.3877,0.037525,-0.48244,1.4102,0.67087,-0.33007,-0.8257,-0.65196,-0.21619,-0.71086,-0.15736,0.86519,NaN,NaN,NaN,NaN,NaN,NaN,NaN,NaN,NaN,NaN
0.75317,1.2236,0.49471,0.080672,0.17388,-0.1096,1.2156,1.4415,-1.1948,1.5613,1.1296,-0.66288,-0.08736,-1.3391,-0.037646,-0.40502,0.737,0.85816,-0.58784,1.5595,-0.40454,NaN,NaN,NaN,NaN,NaN,NaN,NaN,NaN,NaN,NaN,NaN,NaN,NaN
0.74401,0.93007,-1.3824,-0.31995,-1.0264,0.55159,0.79789,0.92713,0.32985,-1.5296,-0.73631,-0.76069,1.0181,1.1972,-1.2841,0.013635,-0.42677,0.98283,NaN,NaN,NaN,NaN,NaN,NaN,NaN,NaN,NaN,NaN,NaN,NaN,NaN,NaN,NaN,NaN
0.77395,0.15137,-1.2317,-0.6666,-0.73853,-1.0872,0.84067,1.4819,-0.027136,1.4228,0.066634,0.70471,0.23,0.35777,0.52808,-0.8679,0.091273,0.10915,-0.19254,-0.75206,0.96348,1.3004,-0.15896,NaN,NaN,NaN,NaN,NaN,NaN,NaN,NaN,NaN,NaN,NaN
0.73612,-0.73588,1.4096,0.70844,0.29552,-1.4392,1.5294,0.24772,-0.69071,-1.0608,1.428,0.33498,1.3715,-0.70055,1.2086,1.5562,-1.1965,-1.5488,0.8875,-0.61143,-1.1784,NaN,NaN,NaN,NaN,NaN,NaN,NaN,NaN,NaN,NaN,NaN,NaN,NaN
0.74081,-1.5257,-0.71298,1.4061,1.4611,0.49135,-1.0968,0.30776,-0.36996,-0.87274,1.0032,-1.484,-0.59018,-1.5191,-1.0463,-1.5619,-0.24074,0.45216,-0.78826,-1.3861,-1.0653,-0.26573,-1.3929,-1.4238,1.0599,-1.1695,-0.12283,NaN,NaN,NaN,NaN,NaN,NaN,NaN
0.77077,0.72002,-0.46847,-0.34383,-0.61587,-1.2321,1.4668,1.1715,-0.47336,1.2305,-0.92538,0.59669,-0.063551,0.18593,0.85746,1.1885,-0.5036,0.39659,1.0414,NaN,NaN,NaN,NaN,NaN,NaN,NaN,NaN,NaN,NaN,NaN,NaN,NaN,NaN,NaN
0.725,-0.95755,0.013199,-0.52018,-0.68478,0.17647,1.1086,1.4429,-1.4578,-0.4938,0.22833,1.2702,0.77364,-0.098184,-1.1071,1.5202,NaN,NaN,NaN,NaN,NaN,NaN,NaN,NaN,NaN,NaN,NaN,NaN,NaN,NaN,NaN,NaN,NaN,NaN
0.1741,0.28339,-0.0049989,-0.35183,0.056382,-1.2937,1.2598,-1.1169,-0.95464,0.61225,-1.3574,0.34273,1.0593,-0.78812,1.0909,-1.3339,NaN,NaN,NaN,NaN,NaN,NaN,NaN,NaN,NaN,NaN,NaN,NaN,NaN,NaN,NaN,NaN,NaN,NaN
0.69059,-0.49692,1.341,0.41151,-0.60563,-0.4294,-0.71267,-0.55153,0.27395,-0.97445,0.52859,-0.56361,-1.4294,0.65453,0.59193,-0.19005,0.57193,1.122,-1.2176,-1.2627,1.0628,-1.5619,-1.053,-0.42289,-0.55303,-0.84489,-1.0594,NaN,NaN,NaN,NaN,NaN,NaN,NaN
0.69615,0.62974,-1.2099,-0.10634,-0.90416,0.5237,0.077427,0.84566,-1.4136,-0.89628,0.4676,0.9865,-1.3226,-1.3644,NaN,NaN,NaN,NaN,NaN,NaN,NaN,NaN,NaN,NaN,NaN,NaN,NaN,NaN,NaN,NaN,NaN,NaN,NaN,NaN
0.75275,0.053568,1.4547,0.34719,-0.094431,-1.2786,-0.85795,1.0551,1.5275,1.3799,-0.14969,0.45975,1.0393,-1.2808,0.92511,-1.3177,-1.4298,0.013161,0.25607,-0.23028,-0.23314,-1.3827,-0.45464,0.60391,-0.26032,NaN,NaN,NaN,NaN,NaN,NaN,NaN,NaN,NaN
-1.0588,-1.5329,-0.40968,-0.25,-0.4808,-0.81508,-0.92158,0.29767,1.0644,0.81249,-1.394,-0.2143,-1.2751,1.4363,1.0675,0.58321,-0.17492,0.23755,-0.219,NaN,NaN,NaN,NaN,NaN,NaN,NaN,NaN,NaN,NaN,NaN,NaN,NaN,NaN,NaN
-1.1547,1.2428,-0.031149,-0.89683,0.29147,1.327,-0.29909,0.26312,1.1617,0.74851,-0.66224,-0.026234,-0.94776,0.40763,0.29138,-0.21945,0.26534,-0.25357,-1.3026,0.68305,-0.94362,-1.2952,-0.97846,-0.029554,NaN,NaN,NaN,NaN,NaN,NaN,NaN,NaN,NaN,NaN
0.70051,-0.94953,-0.92897,0.37213,-1.17,-0.75334,1.2432,0.41392,0.31192,-1.2966,0.55486,-1.0196,-0.6941,-0.36757,-1.203,-1.4874,1.1257,-1.2362,NaN,NaN,NaN,NaN,NaN,NaN,NaN,NaN,NaN,NaN,NaN,NaN,NaN,NaN,NaN,NaN
0.64881,-0.258,-1.1678,0.8748,-1.1053,-1.5114,0.28871,-1.2677,0.34264,-0.85714,-1.268,-0.50959,-0.61719,-1.1013,-0.062316,-1.5085,-1.1988,-0.92049,0.58498,-0.11519,-0.54709,NaN,NaN,NaN,NaN,NaN,NaN,NaN,NaN,NaN,NaN,NaN,NaN,NaN
0.63814,0.15677,-1.1029,1.2896,0.23638,1.1704,-1.5185,0.28994,-1.4807,0.21405,0.79703,1.5248,-1.1706,0.40981,0.7358,-0.45524,-0.42174,0.1427,1.1647,-0.067427,1.2155,-0.41714,-0.012271,NaN,NaN,NaN,NaN,NaN,NaN,NaN,NaN,NaN,NaN,NaN
0.68504,-1.3185,-0.3675,0.8683,-0.70418,0.80534,-1.12,0.989,-0.044822,0.43692,0.52469,-1.3123,-0.87551,-0.63385,-1.3232,0.19592,-1.0821,0.33566,-0.60908,1.3688,1.0884,0.19797,-0.62321,NaN,NaN,NaN,NaN,NaN,NaN,NaN,NaN,NaN,NaN,NaN
0.5872,-0.43973,0.20385,-0.34158,1.0832,-0.52611,0.74351,-0.34059,-0.10085,0.013529,0.56932,-0.93494,-0.6124,0.56744,0.47615,-0.92397,1.0101,-0.64115,-0.29258,NaN,NaN,NaN,NaN,NaN,NaN,NaN,NaN,NaN,NaN,NaN,NaN,NaN,NaN,NaN
0.62543,0.99647,-0.61541,-1.2238,0.68158,-1.559,-1.3031,-1.3948,0.41152,-0.29106,-0.88311,0.76821,-0.57549,0.90474,1.297,-0.39591,0.81668,-1.444,1.0908,1.4338,-0.59066,NaN,NaN,NaN,NaN,NaN,NaN,NaN,NaN,NaN,NaN,NaN,NaN,NaN
0.64119,-0.045412,-0.23242,-1.3412,0.98226,-1.3221,-0.414,-1.1291,-0.79683,0.31441,0.62284,0.9597,0.14636,0.22908,-0.84269,0.41226,0.12467,-0.62501,1.4339,-1.0909,-0.3017,NaN,NaN,NaN,NaN,NaN,NaN,NaN,NaN,NaN,NaN,NaN,NaN,NaN
0.65902,0.3719,1.4069,0.31473,-0.97801,-0.17506,-1.5192,1.1127,1.5575,1.3158,1.2063,-1.1698,-0.47145,0.62611,-1.1384,0.77003,-0.99085,-0.19401,NaN,NaN,NaN,NaN,NaN,NaN,NaN,NaN,NaN,NaN,NaN,NaN,NaN,NaN,NaN,NaN
0.59199,-0.28468,-1.302,1.2519,1.0599,-0.3731,0.47568,0.53745,0.99699,-0.50883,1.5129,-1.1129,0.98584,-1.4128,-1.0262,-0.63604,0.082175,0.6392,NaN,NaN,NaN,NaN,NaN,NaN,NaN,NaN,NaN,NaN,NaN,NaN,NaN,NaN,NaN,NaN
0.61202,-0.82574,-1.5643,1.5368,0.13717,1.0123,1.3063,-0.86652,0.087916,-1.12,0.98112,-0.36608,0.23327,-1.5392,1.4832,-0.1743,1.0407,1.2514,-0.92259,0.93419,-1.4885,NaN,NaN,NaN,NaN,NaN,NaN,NaN,NaN,NaN,NaN,NaN,NaN,NaN
0.59515,-0.50304,-1.1319,0.58101,-1.5109,1.124,0.56245,1.2484,0.22659,-1.4692,1.5341,-1.2721,-1.0611,-0.5926,-0.1045,-0.8866,0.76458,0.18267,-1.3849,0.45708,0.19779,NaN,NaN,NaN,NaN,NaN,NaN,NaN,NaN,NaN,NaN,NaN,NaN,NaN
0.6369,-1.2402,-0.42475,-0.75573,0.48509,0.62502,-1.5604,0.72223,-0.98174,1.427,1.2826,0.88466,-0.81679,-0.67981,-0.72528,0.056645,0.78815,0.16459,-0.044827,-1.3262,-1.2859,-0.33326,0.19794,0.13459,0.15022,0.52235,0.66023,-1.0664,NaN,NaN,NaN,NaN,NaN,NaN
0.5697,0.97174,-0.76561,1.4234,0.94527,0.85,-0.11683,1.2178,0.094549,-1.1723,0.79015,0.52385,-0.68342,1.0484,-1.3236,0.060384,1.1391,1.4696,-0.36611,-0.37083,-0.51721,-1.066,-0.85647,1.566,NaN,NaN,NaN,NaN,NaN,NaN,NaN,NaN,NaN,NaN
0.54523,-1.0546,-1.1383,1.4129,0.7958,0.22859,0.99781,0.68084,0.92646,-0.83672,-0.46302,0.6645,-0.85188,-1.271,0.41063,0.077903,0.34065,1.0918,-1.5099,0.51983,-0.17173,-0.3107,-0.77714,-0.11341,-0.61169,-0.0029031,0.3007,NaN,NaN,NaN,NaN,NaN,NaN,NaN
0.59028,1.1778,-1.266,-1.5545,-0.23978,-1.318,-0.077477,-0.022959,-0.16029,-1.0667,-0.85132,-0.13782,-1.3207,1.2092,-0.70241,0.037151,1.3463,1.3337,0.79234,-0.49129,-1.5313,-1.1041,0.58387,-0.66603,0.046351,0.99941,NaN,NaN,NaN,NaN,NaN,NaN,NaN,NaN
0.56789,-1.5489,-0.15315,0.46236,0.59989,-0.48753,-0.71229,-0.4934,0.078379,-0.90432,-0.94154,-0.94699,-0.25512,-1.5177,1.2888,0.49558,1.0083,0.59589,0.051263,-1.3927,1.4674,-0.030424,0.51354,1.4073,0.92057,-0.55966,NaN,NaN,NaN,NaN,NaN,NaN,NaN,NaN
0.6153,0.39184,-1.1107,0.32527,-0.94048,1.3831,0.10405,0.35294,-0.22271,-0.68994,1.3194,-0.64567,-0.057909,1.4262,-0.85422,1.1816,NaN,NaN,NaN,NaN,NaN,NaN,NaN,NaN,NaN,NaN,NaN,NaN,NaN,NaN,NaN,NaN,NaN,NaN
0.5633,-0.80869,0.067855,-0.45771,-0.85276,-1.167,0.58015,-0.16266,0.91678,-0.42619,-1.5211,-0.091459,0.85469,1.0742,1.2291,0.91143,1.4823,0.23127,1.1604,-1.2448,NaN,NaN,NaN,NaN,NaN,NaN,NaN,NaN,NaN,NaN,NaN,NaN,NaN,NaN
0.52963,0.38227,-0.67174,-0.063414,-1.5277,-1.1347,-0.69567,-0.4972,1.1816,-1.1335,-1.0321,-0.64553,0.23198,-1.1662,0.65904,-1.3181,1.3927,-1.2895,0.45236,1.2336,0.06921,-0.056272,1.326,NaN,NaN,NaN,NaN,NaN,NaN,NaN,NaN,NaN,NaN,NaN
0.51735,-1.3127,-0.45845,0.44646,1.3051,0.25017,0.57944,1.1805,-0.23321,1.4582,1.2403,-0.33808,-0.67113,-0.77187,-0.21434,-1.435,1.342,0.43111,NaN,NaN,NaN,NaN,NaN,NaN,NaN,NaN,NaN,NaN,NaN,NaN,NaN,NaN,NaN,NaN
0.60207,-0.34239,1.3999,1.0446,-0.83905,-1.1311,0.86159,-1.3912,1.0021,-0.025764,0.93553,-1.5387,-0.74537,-1.3842,0.87545,-1.2972,-0.42175,-1.3359,0.67213,0.57571,-1.2429,NaN,NaN,NaN,NaN,NaN,NaN,NaN,NaN,NaN,NaN,NaN,NaN,NaN
0.46763,-0.60553,-0.4249,0.42832,-1.0625,0.63072,-1.1454,1.3197,0.32259,-1.3228,0.99193,-0.40649,0.38853,0.020788,-1.1405,-1.186,0.045106,-1.2953,-0.58578,1.3658,NaN,NaN,NaN,NaN,NaN,NaN,NaN,NaN,NaN,NaN,NaN,NaN,NaN,NaN
0.51854,-0.5819,1.5199,0.74665,0.18898,-1.255,0.82063,-0.10708,-1.3683,0.24063,0.057598,-1.2299,-0.33823,1.1603,0.45772,-0.72233,1.0575,0.49802,-0.87085,-1.0956,NaN,NaN,NaN,NaN,NaN,NaN,NaN,NaN,NaN,NaN,NaN,NaN,NaN,NaN
0.49021,0.58156,0.55809,-0.85304,-0.3752,0.061038,-0.85027,-1.5141,-0.80933,0.28687,1.2625,-0.85089,0.52513,-0.71197,1.3229,-0.6407,1.2363,NaN,NaN,NaN,NaN,NaN,NaN,NaN,NaN,NaN,NaN,NaN,NaN,NaN,NaN,NaN,NaN,NaN
-0.18267,0.051789,-0.8267,-0.28406,0.87141,0.2983,0.74009,0.12051,1.1037,-0.64635,-1.5151,1.0852,1.4522,1.1917,0.41208,-0.6201,-0.94368,-0.26006,0.049562,-0.66976,0.46377,NaN,NaN,NaN,NaN,NaN,NaN,NaN,NaN,NaN,NaN,NaN,NaN,NaN
-0.55732,0.27968,-1.5561,0.32266,1.1107,0.9623,-1.0665,-0.32799,1.224,0.074893,0.37328,0.33144,0.37818,0.2413,-0.43936,-0.87741,0.20501,-0.33877,0.35084,0.34054,-1.3002,-0.034668,0.23037,-0.83855,NaN,NaN,NaN,NaN,NaN,NaN,NaN,NaN,NaN,NaN
0.50301,1.4044,1.1511,1.5598,1.5486,0.68242,-0.71646,1.4696,1.3046,-0.85173,-1.4907,1.4937,1.3572,-0.32061,-1.4093,0.56051,-1.0304,-0.64615,-1.2994,0.45864,-0.16412,-1.1677,-0.32717,NaN,NaN,NaN,NaN,NaN,NaN,NaN,NaN,NaN,NaN,NaN
0.49885,0.56528,1.4731,1.275,0.96542,0.69806,-0.97724,0.83563,0.6573,-0.5506,0.5333,0.67609,-0.76965,0.88778,1.197,1.2819,-1.3596,-1.1071,0.24254,-1.4699,0.41515,-0.44538,-1.0231,NaN,NaN,NaN,NaN,NaN,NaN,NaN,NaN,NaN,NaN,NaN
0.47016,0.60582,-1.0967,1.3548,0.96216,0.71148,1.4496,0.68177,1.1607,-0.10279,-1.1155,0.52624,0.11862,1.0538,-0.50566,-1.5093,-0.97353,0.83099,-1.0343,0.62262,0.77885,0.16431,NaN,NaN,NaN,NaN,NaN,NaN,NaN,NaN,NaN,NaN,NaN,NaN
0.53998,1.3468,-0.27745,1.4301,0.055707,-1.273,1.212,-0.25047,-0.17945,-0.29107,-1.2551,1.3668,1.3932,-0.92466,-0.46217,-0.068461,0.21649,-0.60037,-0.83259,1.0804,1.1249,0.60076,0.83617,NaN,NaN,NaN,NaN,NaN,NaN,NaN,NaN,NaN,NaN,NaN
0.42063,0.10653,-1.0172,-1.3693,-0.6041,-1.4402,-0.50638,1.1885,-1.0873,-1.4188,-0.60314,0.56424,NaN,NaN,NaN,NaN,NaN,NaN,NaN,NaN,NaN,NaN,NaN,NaN,NaN,NaN,NaN,NaN,NaN,NaN,NaN,NaN,NaN,NaN
0.44759,-0.41097,-0.25669,-0.95844,-0.97391,0.16529,1.2607,-0.13221,0.78236,1.4333,-1.272,0.94775,1.2036,-1.4315,1.2344,0.56135,1.2289,-0.55493,0.21455,-1.5228,1.5664,1.2571,-1.2346,-0.25535,-0.63445,0.22624,-0.019305,0.10691,-0.77618,-1.0528,-0.8588,NaN,NaN,NaN
0.37989,0.014951,0.21884,0.71968,0.19448,-0.93964,0.80632,0.96532,-1.5337,0.77785,-1.505,1.1669,0.12956,0.25823,-0.56953,1.1323,0.14249,NaN,NaN,NaN,NaN,NaN,NaN,NaN,NaN,NaN,NaN,NaN,NaN,NaN,NaN,NaN,NaN,NaN
0.41537,1.5626,0.64197,0.96131,-1.2558,0.79434,1.2811,-1.3715,-0.22382,-1.3217,0.94823,-0.85376,-0.39302,0.18535,-1.4088,-0.57866,-0.53095,1.5538,0.72668,1.2269,-0.59548,0.70175,0.61717,-0.046699,1.0009,NaN,NaN,NaN,NaN,NaN,NaN,NaN,NaN,NaN
0.42211,-1.0762,1.3655,1.0084,0.64807,0.62298,1.3716,0.62308,-1.1536,0.13775,-0.94512,0.79431,0.69666,-1.1187,-0.52004,0.74599,-0.071597,0.75312,-0.16414,0.8708,0.12559,0.45496,-1.4443,NaN,NaN,NaN,NaN,NaN,NaN,NaN,NaN,NaN,NaN,NaN
0.35872,-0.90868,0.44986,0.81802,-1.3291,-0.02935,0.45488,-1.4241,0.37556,0.36702,1.505,0.30055,0.32908,-1.5402,1.2197,-1.0194,-0.15657,0.40229,0.58175,-1.1431,NaN,NaN,NaN,NaN,NaN,NaN,NaN,NaN,NaN,NaN,NaN,NaN,NaN,NaN
0.37406,1.3392,-0.32949,-1.0752,0.42132,1.4967,1.1453,-0.49698,-0.5801,0.2514,1.1852,-1.5671,1.4946,1.5249,-1.3772,1.2542,-0.90825,1.3027,-0.71241,-0.52293,0.43249,-1.3289,-1.2338,-1.1918,NaN,NaN,NaN,NaN,NaN,NaN,NaN,NaN,NaN,NaN
0.35035,0.10439,0.047615,-1.5287,0.57735,1.5181,0.37028,-1.1679,0.28142,-0.26707,-0.48664,-1.5118,-0.10832,-0.81987,1.0489,-0.6828,-1.0655,-1.0436,NaN,NaN,NaN,NaN,NaN,NaN,NaN,NaN,NaN,NaN,NaN,NaN,NaN,NaN,NaN,NaN
0.3408,0.57562,1.1614,1.3858,1.2623,1.2987,0.75691,-0.2561,-0.36023,-0.06726,0.2281,1.2982,-1.3329,0.81427,0.91548,-1.3557,1.3268,1.5102,NaN,NaN,NaN,NaN,NaN,NaN,NaN,NaN,NaN,NaN,NaN,NaN,NaN,NaN,NaN,NaN
0.37901,-0.80495,0.8411,-0.060016,-0.82769,0.13452,0.27004,-1.029,0.37661,0.61408,-0.75913,-1.3715,0.54815,0.57655,1.2042,-0.048884,NaN,NaN,NaN,NaN,NaN,NaN,NaN,NaN,NaN,NaN,NaN,NaN,NaN,NaN,NaN,NaN,NaN,NaN
0.37936,-0.46076,0.52206,0.50617,-0.13729,-0.085327,0.040511,-1.285,-0.88184,0.54371,0.075471,0.37514,-1.0024,0.67957,0.45171,-1.0477,1.4211,NaN,NaN,NaN,NaN,NaN,NaN,NaN,NaN,NaN,NaN,NaN,NaN,NaN,NaN,NaN,NaN,NaN
0.2932,0.61634,0.70946,0.76852,1.374,-0.16556,-0.96432,0.47018,0.84814,-0.79706,0.17086,0.012951,-0.9889,-1.1982,0.51797,0.052106,-0.85283,1.4522,0.11924,-1.2496,0.89436,-1.0865,0.96736,NaN,NaN,NaN,NaN,NaN,NaN,NaN,NaN,NaN,NaN,NaN
0.71761,1.0036,0.34251,-0.38876,0.6884,0.77057,-0.7883,1.3413,-1.553,0.087107,0.82076,-0.77933,-0.85144,-1.2018,-1.3907,NaN,NaN,NaN,NaN,NaN,NaN,NaN,NaN,NaN,NaN,NaN,NaN,NaN,NaN,NaN,NaN,NaN,NaN,NaN
0.36351,-0.51114,0.62559,0.29235,0.7131,-0.61055,1.3265,0.75527,0.86563,0.68628,0.74192,-1.5009,-0.13153,0.47168,-0.27625,-0.67647,0.80235,-0.27425,NaN,NaN,NaN,NaN,NaN,NaN,NaN,NaN,NaN,NaN,NaN,NaN,NaN,NaN,NaN,NaN
0.29513,1.2046,-0.18343,-0.039505,-1.5378,0.11583,-0.73501,1.0252,1.22,0.30255,-1.3653,0.38463,-0.23995,-0.88796,1.2411,-1.2321,0.8659,-0.55785,1.4947,-0.42723,-1.1081,NaN,NaN,NaN,NaN,NaN,NaN,NaN,NaN,NaN,NaN,NaN,NaN,NaN
0.27709,0.35085,-0.84528,0.18115,0.3126,-1.5466,-0.0055961,-1.1139,-0.3804,0.21098,0.22673,0.42137,0.4464,-1.1025,0.96474,-1.2955,-0.89832,-1.4356,0.36701,1.2221,1.5398,-0.25127,0.71914,0.54631,0.46951,NaN,NaN,NaN,NaN,NaN,NaN,NaN,NaN,NaN
0.2855,1.0354,0.16719,0.1044,-1.4783,-0.77302,-1.3543,0.77983,-0.34695,0.19473,0.76935,0.09126,1.3022,0.37626,-0.85712,0.54883,-0.87035,0.48471,-1.2868,-0.18182,0.52686,NaN,NaN,NaN,NaN,NaN,NaN,NaN,NaN,NaN,NaN,NaN,NaN,NaN
0.24353,-0.042402,-1.0868,1.4143,1.0478,1.2725,-1.3266,0.93524,-1.3949,0.21706,-1.2679,-0.10705,1.0533,-0.94548,-0.81586,NaN,NaN,NaN,NaN,NaN,NaN,NaN,NaN,NaN,NaN,NaN,NaN,NaN,NaN,NaN,NaN,NaN,NaN,NaN
0.22885,-0.26048,1.4191,0.81092,1.512,-0.091207,0.22364,-0.66601,1.0291,-0.038062,0.38114,0.062263,0.1421,1.1952,-1.2268,0.16891,1.0641,-1.1937,1.0809,-0.017784,0.11948,NaN,NaN,NaN,NaN,NaN,NaN,NaN,NaN,NaN,NaN,NaN,NaN,NaN
0.32626,1.478,0.60071,0.16593,0.54355,0.70984,-0.13397,1.5378,0.10205,0.6731,-0.85698,0.93395,1.2961,NaN,NaN,NaN,NaN,NaN,NaN,NaN,NaN,NaN,NaN,NaN,NaN,NaN,NaN,NaN,NaN,NaN,NaN,NaN,NaN,NaN
0.28511,-0.012301,-0.69946,-1.2793,-0.48883,-0.65603,-1.3711,1.1435,1.0037,-0.63166,-0.27263,NaN,NaN,NaN,NaN,NaN,NaN,NaN,NaN,NaN,NaN,NaN,NaN,NaN,NaN,NaN,NaN,NaN,NaN,NaN,NaN,NaN,NaN,NaN
0.24673,-1.1084,1.5482,-0.92092,0.57331,1.3208,-1.4738,0.18479,-1.5159,0.55268,0.43251,1.2568,0.86102,-0.6715,-0.38543,0.22747,-0.65585,NaN,NaN,NaN,NaN,NaN,NaN,NaN,NaN,NaN,NaN,NaN,NaN,NaN,NaN,NaN,NaN,NaN
0.28002,0.10704,0.80867,0.20466,-0.95335,1.5061,-1.2937,0.59042,0.83739,-0.094926,-0.6584,-0.33767,1.2391,-1.1891,1.3013,1.0389,0.074059,-1.4829,1.5419,-0.74024,0.20764,0.44171,-0.23529,0.47218,NaN,NaN,NaN,NaN,NaN,NaN,NaN,NaN,NaN,NaN
0.17427,1.0043,-0.48332,1.2269,-1.5218,-0.050384,0.7515,-0.70944,1.325,0.73921,-0.043721,-0.20813,NaN,NaN,NaN,NaN,NaN,NaN,NaN,NaN,NaN,NaN,NaN,NaN,NaN,NaN,NaN,NaN,NaN,NaN,NaN,NaN,NaN,NaN
0.22184,-0.83463,1.1768,1.5304,-1.3207,-1.0625,-0.68154,-0.49849,1.4865,0.75119,-1.5607,1.4958,1.0106,0.079383,0.5478,-0.38369,-1.3171,-1.4842,1.3055,0.43166,-0.47926,-1.3059,-0.63575,NaN,NaN,NaN,NaN,NaN,NaN,NaN,NaN,NaN,NaN,NaN
0.22446,0.065866,-0.42495,0.35407,1.4018,-0.97584,0.87858,0.6604,1.522,0.82409,0.88129,-1.5555,1.4347,-0.79818,NaN,NaN,NaN,NaN,NaN,NaN,NaN,NaN,NaN,NaN,NaN,NaN,NaN,NaN,NaN,NaN,NaN,NaN,NaN,NaN
0.18104,0.98212,0.51532,0.21724,-1.4533,-0.76266,1.3995,-0.542,-0.39267,-1.2099,-0.095125,-0.096551,0.35368,0.052566,-0.0047906,-1.2694,-1.1961,-0.47133,0.20099,0.60897,0.17546,-1.2825,NaN,NaN,NaN,NaN,NaN,NaN,NaN,NaN,NaN,NaN,NaN,NaN
0.18719,0.47273,-0.33494,-1.4461,0.15492,-0.93879,0.60318,1.4459,1.2621,-0.7649,0.18837,-0.15654,-1.5597,1.2897,-0.85381,1.0056,-0.73769,1.1341,-0.24656,NaN,NaN,NaN,NaN,NaN,NaN,NaN,NaN,NaN,NaN,NaN,NaN,NaN,NaN,NaN
0.19815,-1.3355,0.71019,0.57038,0.42078,1.0073,0.38732,0.49353,1.5201,1.0267,0.04227,0.43306,1.0921,0.60445,1.5418,-1.5168,-0.72325,1.5127,0.5766,-0.15934,-0.9456,-0.20413,NaN,NaN,NaN,NaN,NaN,NaN,NaN,NaN,NaN,NaN,NaN,NaN
0.17187,-0.8008,-0.47775,-1.2793,1.4326,-0.48927,-0.78481,0.41991,-0.12282,-0.35754,1.1129,-1.0887,-0.25558,0.99459,1.4479,0.93659,-1.0118,0.54186,0.51833,0.95706,-0.16369,0.32911,1.2137,1.0795,-0.15178,1.5259,-0.49861,-0.90135,1.3158,1.2166,NaN,NaN,NaN,NaN
0.15656,1.5604,1.5403,1.1609,-0.19275,-1.1463,0.61033,-0.49112,1.5595,-0.047405,-0.59411,0.24103,-0.11592,0.75812,-0.31701,-0.79384,-0.80921,1.3228,-0.58417,-0.53773,-1.4036,-1.5707,NaN,NaN,NaN,NaN,NaN,NaN,NaN,NaN,NaN,NaN,NaN,NaN
0.11297,-1.3884,0.46128,-0.355,1.1957,-0.35202,-0.53482,0.30351,-1.0711,-0.64026,-1.5433,0.067295,-0.80485,-0.40479,-1.5693,0.38842,-0.057234,NaN,NaN,NaN,NaN,NaN,NaN,NaN,NaN,NaN,NaN,NaN,NaN,NaN,NaN,NaN,NaN,NaN
0.15211,0.018784,1.0831,-1.1657,-0.71657,0.35283,0.13633,-0.2055,1.5241,-0.27495,-0.56536,1.3276,0.2353,0.45054,-0.76674,-1.0748,0.5593,0.56374,1.2902,0.076134,0.42695,0.97835,NaN,NaN,NaN,NaN,NaN,NaN,NaN,NaN,NaN,NaN,NaN,NaN
0.18565,0.47135,0.29316,-0.38341,1.0925,0.86537,0.96313,1.4987,-0.61019,-0.66577,0.12153,1.0372,-1.144,-0.87935,-0.76091,1.4717,1.5108,0.2584,-0.34431,NaN,NaN,NaN,NaN,NaN,NaN,NaN,NaN,NaN,NaN,NaN,NaN,NaN,NaN,NaN
0.11416,0.19302,1.5357,0.31524,-0.053387,-1.4903,0.27911,0.23976,-0.60395,0.27552,-0.93295,0.257,1.3586,0.57726,NaN,NaN,NaN,NaN,NaN,NaN,NaN,NaN,NaN,NaN,NaN,NaN,NaN,NaN,NaN,NaN,NaN,NaN,NaN,NaN
0.10156,-1.4223,-1.2011,-1.4783,0.6333,-1.427,-1.4399,1.2236,-0.3057,-0.4952,-1.1433,-0.1974,-0.98666,-0.25317,0.14978,-1.3978,-1.5691,-0.10025,1.2006,-0.4805,NaN,NaN,NaN,NaN,NaN,NaN,NaN,NaN,NaN,NaN,NaN,NaN,NaN,NaN
-1.2556,-1.4999,-0.064213,0.10883,-0.38441,-0.87066,-0.82124,-1.0285,-0.25001,0.75813,0.68615,0.97915,1.4691,1.0275,0.45684,-0.25176,1.352,0.076783,0.45834,0.75267,-1.3604,1.0381,-1.4715,0.62207,-1.1983,0.17844,-0.99139,NaN,NaN,NaN,NaN,NaN,NaN,NaN
0.10365,0.91107,-1.5018,1.2717,0.56863,0.81611,0.38202,-0.81987,-1.3524,0.69802,-1.4116,1.0713,0.71247,1.049,-0.82406,-1.1165,-0.3976,-0.30382,0.59185,1.5058,-0.96241,-0.9809,-0.10011,0.80184,-1.5396,1.4255,-1.118,-0.87781,-1.083,NaN,NaN,NaN,NaN,NaN
0.10037,-0.5402,-0.98796,-0.12659,1.1537,1.1647,0.04504,-0.33154,-0.023876,-0.53128,1.1975,-0.93843,-0.092862,-0.057844,1.3447,-0.23564,-1.3514,1.4768,0.59383,-0.037523,0.6669,-0.1544,-0.75603,-1.4118,0.84076,-0.95521,-0.84993,1.3765,NaN,NaN,NaN,NaN,NaN,NaN
0.032622,-0.54798,-0.31459,0.29791,0.66041,0.52996,0.96759,-1.3217,-0.071291,0.1397,-0.47313,0.015345,1.33,-1.208,-0.61902,-0.28294,1.5088,0.50504,-1.4607,1.1098,NaN,NaN,NaN,NaN,NaN,NaN,NaN,NaN,NaN,NaN,NaN,NaN,NaN,NaN
0.083734,1.2555,0.63371,0.82185,0.96671,0.1231,0.1417,1.2771,-0.14057,0.28065,-1.4185,-0.23074,1.5225,-1.4699,0.35852,0.04533,1.0084,1.2004,0.28154,0.83454,-0.92551,-0.56633,NaN,NaN,NaN,NaN,NaN,NaN,NaN,NaN,NaN,NaN,NaN,NaN
0.018651,1.4977,-0.51377,1.466,-0.049005,-0.56561,1.3252,1.2609,0.94648,0.66071,1.437,0.38941,-0.95709,-1.2686,-0.2685,-0.13868,1.4925,0.81681,0.36726,-1.4276,-1.4835,-1.0786,1.433,-0.83973,0.52465,1.042,-0.16335,-0.58588,-0.25017,0.22944,1.4306,-0.97454,NaN,NaN
0.038685,-0.57979,-1.1025,0.18994,-1.2233,-1.5526,-0.95265,-0.8403,-0.32732,-1.0955,0.50951,-0.63411,-0.96299,0.070217,-0.10873,-0.28214,0.75705,-0.1631,-0.40777,0.43145,NaN,NaN,NaN,NaN,NaN,NaN,NaN,NaN,NaN,NaN,NaN,NaN,NaN,NaN
0.016125,-0.33366,-0.4963,0.2916,1.3249,1.4551,-1.4038,-0.39086,0.33708,-1.131,-0.66059,-0.71838,0.99104,-0.96048,-0.79856,0.090395,0.56681,1.4415,0.89768,-1.2817,NaN,NaN,NaN,NaN,NaN,NaN,NaN,NaN,NaN,NaN,NaN,NaN,NaN,NaN
0.06947,-1.5581,-0.69352,1.5314,0.49528,0.41594,0.65412,1.4508,1.4367,0.78193,-0.54693,1.1842,1.2525,-1.1456,1.1246,0.93081,1.186,-1.3718,1.346,0.77906,-0.85461,1.4096,NaN,NaN,NaN,NaN,NaN,NaN,NaN,NaN,NaN,NaN,NaN,NaN
0.0082018,0.46562,0.69294,1.2662,0.65714,0.97786,0.41101,-0.044539,0.4409,-0.098026,-0.47204,0.88128,0.70211,-0.43445,-1.1215,0.61401,0.84031,0.93338,NaN,NaN,NaN,NaN,NaN,NaN,NaN,NaN,NaN,NaN,NaN,NaN,NaN,NaN,NaN,NaN
0.049962,0.92934,-1.1382,-0.19724,1.2091,0.63711,-0.02858,0.61762,-1.5426,-0.76634,0.65593,0.95685,-0.4065,-1.0166,1.3126,-1.4559,-1.3449,-0.56376,-1.0848,0.014669,1.2652,0.35236,NaN,NaN,NaN,NaN,NaN,NaN,NaN,NaN,NaN,NaN,NaN,NaN
0.069697,-0.42205,0.33121,0.080911,-0.90873,0.4695,-0.73781,1.5702,-0.32965,-0.81531,0.89288,-1.246,-1.3917,-0.13037,-0.49548,1.4253,-1.2132,0.37778,-0.77703,-1.5033,-1.4922,-1.168,0.22781,-0.68168,NaN,NaN,NaN,NaN,NaN,NaN,NaN,NaN,NaN,NaN
-0.0096071,1.129,1.1499,-0.070512,-0.43788,1.2418,-1.1718,1.0149,0.076562,-1.4795,-1.0974,-0.57613,-1.47,0.14634,-0.08004,-0.21785,1.0261,0.061616,NaN,NaN,NaN,NaN,NaN,NaN,NaN,NaN,NaN,NaN,NaN,NaN,NaN,NaN,NaN,NaN
0.034108,0.17935,0.22014,-0.76867,0.97447,-0.41871,-1.3639,-0.77624,-0.52601,0.3762,0.06262,-0.76568,0.74158,-0.23864,0.33098,-0.75568,-1.4593,NaN,NaN,NaN,NaN,NaN,NaN,NaN,NaN,NaN,NaN,NaN,NaN,NaN,NaN,NaN,NaN,NaN
-1.3106,-0.85354,1.4267,0.78171,0.18498,0.68917,1.0598,1.0579,0.13243,-0.97712,0.0056826,-1.1691,1.3931,1.2054,0.38399,-0.77325,0.016139,-1.1085,0.082078,-0.42674,0.90668,1.5544,0.94165,-0.95989,0.44704,-1.1114,-0.41551,NaN,NaN,NaN,NaN,NaN,NaN,NaN
-0.013545,-0.50135,-0.66621,0.53934,1.2166,-0.42369,-1.1586,-0.4596,0.16749,1.3747,-0.7237,-0.016561,0.2812,-0.7192,1.3893,1.1345,-0.63398,-1.2482,1.3217,-1.0536,-0.25045,NaN,NaN,NaN,NaN,NaN,NaN,NaN,NaN,NaN,NaN,NaN,NaN,NaN
0.21908,1.1809,1.0805,-1.1526,1.4475,0.46877,-0.43696,-1.1173,0.61207,0.067537,-0.49624,1.1237,1.4555,0.5253,-1.3958,-0.82157,-0.93795,-0.6273,0.32293,0.20992,NaN,NaN,NaN,NaN,NaN,NaN,NaN,NaN,NaN,NaN,NaN,NaN,NaN,NaN
-0.036737,-0.45791,0.21171,0.048204,-1.0069,-0.18092,-0.29672,-0.94027,1.0449,-1.366,0.39792,-0.40236,-1.4258,-0.67984,-1.3841,-0.50784,0.62995,-0.15603,0.80961,1.2887,-0.31415,0.44344,0.75371,NaN,NaN,NaN,NaN,NaN,NaN,NaN,NaN,NaN,NaN,NaN
-0.052149,-1.2117,-1.492,0.8559,-0.30265,-0.78908,-0.81847,-1.0911,0.41292,0.17008,-1.3644,-1.3593,-0.50844,NaN,NaN,NaN,NaN,NaN,NaN,NaN,NaN,NaN,NaN,NaN,NaN,NaN,NaN,NaN,NaN,NaN,NaN,NaN,NaN,NaN
-0.012931,-1.1368,-1.0382,-1.5001,0.41748,0.10701,-0.99823,0.82369,-0.96962,0.22258,-0.3476,1.4835,0.2233,-0.12378,-1.4508,1.3026,-0.89741,0.533,1.4611,0.83242,-0.22399,0.24553,1.3606,-1.4854,-0.9236,1.0343,-0.43012,0.09757,-0.98365,NaN,NaN,NaN,NaN,NaN
-0.071364,-1.4644,0.50011,-1.0578,-0.53966,-0.47462,-0.38447,0.72909,-1.1479,0.35228,-0.27246,0.92144,0.093682,-0.50947,0.12878,1.4526,0.54151,-0.17472,-0.23812,NaN,NaN,NaN,NaN,NaN,NaN,NaN,NaN,NaN,NaN,NaN,NaN,NaN,NaN,NaN
-0.10456,1.4095,1.0413,1.3051,-0.44997,0.4555,-0.55855,-0.88869,-0.57053,-0.12739,-1.093,-0.13389,-0.25832,-1.2063,-1.2727,0.82359,0.76548,-0.34965,1.0828,NaN,NaN,NaN,NaN,NaN,NaN,NaN,NaN,NaN,NaN,NaN,NaN,NaN,NaN,NaN
-0.095495,1.1257,0.91814,0.090622,-1.174,0.10168,-0.43553,1.2479,1.1146,1.3616,-1.2423,-0.30029,1.0546,1.5469,1.459,-0.75051,1.4113,1.3276,NaN,NaN,NaN,NaN,NaN,NaN,NaN,NaN,NaN,NaN,NaN,NaN,NaN,NaN,NaN,NaN
-0.13228,-1.0364,0.081351,-1.5614,0.75651,-0.73563,0.56108,1.0601,1.3884,1.3628,-0.92393,1.263,1.0314,0.34574,1.4502,-0.01729,NaN,NaN,NaN,NaN,NaN,NaN,NaN,NaN,NaN,NaN,NaN,NaN,NaN,NaN,NaN,NaN,NaN,NaN
-0.10289,1.4774,1.1161,0.79474,-0.3506,-0.91513,1.2241,1.3332,1.0793,1.445,0.72177,0.36426,0.027361,0.55781,-0.9898,1.3296,1.483,1.5476,NaN,NaN,NaN,NaN,NaN,NaN,NaN,NaN,NaN,NaN,NaN,NaN,NaN,NaN,NaN,NaN
-0.11924,0.29471,-0.65443,0.10592,1.4182,-0.36255,1.0275,-0.90603,0.029018,0.10131,-1.3837,0.38846,1.1136,-0.84935,-0.69489,0.20453,-0.076196,-0.12687,1.408,0.94202,-1.5319,-0.37099,1.1678,NaN,NaN,NaN,NaN,NaN,NaN,NaN,NaN,NaN,NaN,NaN
-0.13267,0.0043111,1.0161,-0.018719,0.485,0.4773,0.024457,-0.66351,1.276,0.36831,0.43722,-0.81556,-0.20429,1.3768,-0.43936,1.0512,-0.037189,-0.13136,0.22355,-1.473,NaN,NaN,NaN,NaN,NaN,NaN,NaN,NaN,NaN,NaN,NaN,NaN,NaN,NaN
-0.14156,0.41416,0.0063138,0.99181,1.3629,-0.09785,-0.74629,-0.72288,0.48016,0.42916,-0.54065,0.30577,-1.5104,-0.32928,0.39107,0.19406,-1.4066,0.27374,0.28441,0.69737,0.078358,0.63493,NaN,NaN,NaN,NaN,NaN,NaN,NaN,NaN,NaN,NaN,NaN,NaN
-0.068796,0.060632,1.475,0.9976,-1.39,-1.5027,-0.3631,-0.74119,1.0727,0.98805,0.79769,1.2659,1.0068,0.12834,-0.83396,1.0033,0.12236,0.65613,-1.4706,1.1446,-0.83062,-0.52607,NaN,NaN,NaN,NaN,NaN,NaN,NaN,NaN,NaN,NaN,NaN,NaN
-0.13169,0.75374,-0.3419,0.63353,-1.0884,0.99522,1.2391,0.37398,0.1874,0.95396,0.49164,0.91708,0.91994,-1.1495,0.26233,1.2752,-0.34898,0.69645,NaN,NaN,NaN,NaN,NaN,NaN,NaN,NaN,NaN,NaN,NaN,NaN,NaN,NaN,NaN,NaN
-0.15129,0.22924,-1.1738,0.22511,-1.2949,-1.0814,-0.97081,1.4142,-0.38741,-0.43488,1.3299,-0.1669,0.018336,-0.96318,-1.5623,1.1944,-0.33662,-0.72608,-0.69297,-0.63849,1.1188,NaN,NaN,NaN,NaN,NaN,NaN,NaN,NaN,NaN,NaN,NaN,NaN,NaN
-0.12492,-1.4216,1.0293,-0.80414,-0.35909,-1.4282,-0.90386,-0.68378,0.88414,0.41392,0.3532,-0.82285,-0.32573,0.39014,0.56333,0.83577,1.1046,0.88673,-1.2959,0.52359,1.297,NaN,NaN,NaN,NaN,NaN,NaN,NaN,NaN,NaN,NaN,NaN,NaN,NaN
-0.87006,0.55391,1.4904,1.0081,0.57536,0.51173,0.24807,-1.4797,0.43948,-0.68649,-0.62601,-0.016601,1.1748,-1.4015,-0.78456,-0.83145,0.72193,-0.8714,-0.36155,-0.063655,0.96526,-0.57182,-0.26906,-0.78895,NaN,NaN,NaN,NaN,NaN,NaN,NaN,NaN,NaN,NaN
-0.14873,1.4774,-1.2151,-0.34143,0.78374,-0.87269,1.5352,-1.0045,0.77963,-1.3162,0.70025,0.14051,1.3534,0.62138,0.62253,-1.05,1.0472,0.45905,NaN,NaN,NaN,NaN,NaN,NaN,NaN,NaN,NaN,NaN,NaN,NaN,NaN,NaN,NaN,NaN
-0.0082234,0.57653,0.18431,-1.3131,0.055535,0.17271,0.85349,-0.5037,-1.3771,-1.3875,0.28692,0.5877,1.4493,-0.13357,0.26074,0.67119,-1.1113,-1.4017,-0.86887,-1.4252,NaN,NaN,NaN,NaN,NaN,NaN,NaN,NaN,NaN,NaN,NaN,NaN,NaN,NaN
-0.18477,1.1197,-0.37765,0.37425,-0.63128,-1.5035,0.78711,0.92418,1.1186,0.75153,-0.65123,0.12183,1.0284,1.2222,-1.4331,-1.2805,1.3952,-0.58775,1.1442,-0.64358,0.42481,-0.97814,NaN,NaN,NaN,NaN,NaN,NaN,NaN,NaN,NaN,NaN,NaN,NaN
-0.1782,-0.90362,1.5531,1.5429,-0.30985,-0.31997,-1.1127,-0.18906,0.18459,-0.92035,1.4319,-1.2567,-1.2598,-1.2529,-0.99175,-0.79253,0.73132,-1.1193,0.098362,NaN,NaN,NaN,NaN,NaN,NaN,NaN,NaN,NaN,NaN,NaN,NaN,NaN,NaN,NaN
-0.23001,-0.35827,0.33378,-0.21152,-0.09348,-1.0517,0.34764,-0.95923,-1.5169,-1.4663,-1.1285,-0.62921,1.217,0.59208,1.2526,1.4385,-0.19134,1.0014,1.059,-1.5016,1.4281,0.7611,0.44679,-0.26258,-1.5497,1.067,-1.0164,-0.43936,-1.3944,1.3607,-0.041604,0.35406,NaN,NaN
-0.17156,0.011328,-0.62142,0.22836,-0.82518,0.44692,-0.43417,0.29435,1.4604,0.983,-0.10709,-0.45085,1.3761,-0.95327,0.3497,1.1091,-0.17401,0.0064627,0.69709,-0.35453,1.3097,0.70929,1.1091,NaN,NaN,NaN,NaN,NaN,NaN,NaN,NaN,NaN,NaN,NaN
-0.23884,0.66384,-1.2474,0.56238,-0.8149,0.66514,-0.98009,-0.2773,-0.35934,-0.26985,-0.43099,-0.23793,1.3262,-0.31527,-0.091472,1.4701,0.427,-0.87844,-0.5468,0.063075,1.1777,NaN,NaN,NaN,NaN,NaN,NaN,NaN,NaN,NaN,NaN,NaN,NaN,NaN
-0.18939,-1.5076,-0.87592,-0.82656,1.5037,0.5112,1.0771,1.151,-0.55717,0.97397,0.12807,0.58843,-0.34416,1.5436,0.5251,-0.52161,0.94646,1.0862,-0.36454,0.19798,-0.091989,1.0567,0.55564,1.2678,-0.64598,-0.30458,0.3782,-0.92653,-0.84696,-0.80524,-1.3463,1.5106,NaN,NaN
-0.22134,-1.4882,-0.26942,-1.4465,-1.2352,-0.75829,-1.3313,0.1592,-1.2417,1.1415,0.73519,0.51471,-0.19962,0.53172,1.1997,0.56663,1.0284,NaN,NaN,NaN,NaN,NaN,NaN,NaN,NaN,NaN,NaN,NaN,NaN,NaN,NaN,NaN,NaN,NaN
-0.24178,-1.3112,1.3343,-0.21839,-1.1842,-0.59801,-0.60099,-1.425,1.1789,0.28981,-0.14169,0.14803,-0.085294,1.2727,-0.76806,0.58475,0.37431,-0.33286,-0.79975,1.2769,0.43722,-1.2278,-1.3331,1.001,NaN,NaN,NaN,NaN,NaN,NaN,NaN,NaN,NaN,NaN
-0.21701,0.86281,1.4169,1.0092,1.0394,0.49915,1.0763,0.24391,0.70009,1.2813,0.50044,-1.2679,0.64868,-0.28281,1.0309,1.0718,0.37923,0.97557,1.1232,-0.74342,0.17097,1.08,-0.15749,0.16883,-1.1566,NaN,NaN,NaN,NaN,NaN,NaN,NaN,NaN,NaN
-0.23127,-0.98554,-0.75912,0.52146,-1.3113,0.22046,-0.96313,-0.22865,1.0649,-0.67808,-0.46019,0.63279,0.53857,0.99852,-0.87449,-1.3759,NaN,NaN,NaN,NaN,NaN,NaN,NaN,NaN,NaN,NaN,NaN,NaN,NaN,NaN,NaN,NaN,NaN,NaN
-0.17138,-0.1674,-1.3653,0.031752,0.78987,-1.477,0.33432,0.83529,-1.4298,0.1259,-0.6488,-1.2092,-1.0106,0.5403,-1.4769,1.2892,-1.0147,1.1546,-1.1239,-0.32643,0.60625,-0.87227,-0.33128,0.10931,-0.30207,0.97552,1.4766,-0.59473,0.79289,0.23089,NaN,NaN,NaN,NaN
-0.21152,0.17727,-0.61956,0.65541,-0.71582,1.1282,0.062633,-1.1433,0.20098,0.97151,0.68561,0.53345,1.4825,0.25666,-0.30782,-1.1335,NaN,NaN,NaN,NaN,NaN,NaN,NaN,NaN,NaN,NaN,NaN,NaN,NaN,NaN,NaN,NaN,NaN,NaN
-0.22163,1.2513,0.9624,-1.2644,-0.26911,-1.1825,-1.4033,1.1152,-0.20659,0.32733,-1.4643,-1.4988,-0.07467,0.040685,0.13809,1.1312,1.4972,-0.22134,0.98788,-0.46538,-0.14031,0.69456,-0.39188,0.68311,NaN,NaN,NaN,NaN,NaN,NaN,NaN,NaN,NaN,NaN
-0.21933,1.0047,-0.58058,-0.99478,-1.2272,0.31394,0.52369,-0.56653,-0.76404,-1.5397,0.38521,-0.61341,-0.3408,-0.20807,0.27388,0.72386,1.5022,-0.63624,0.33017,-0.90181,1.5491,NaN,NaN,NaN,NaN,NaN,NaN,NaN,NaN,NaN,NaN,NaN,NaN,NaN
-0.18236,-1.1082,-0.71147,-0.0017718,-0.59484,1.5688,-0.45655,0.26066,-0.83446,-1.1452,-0.038693,-0.94527,-1.4311,0.64318,-0.16462,0.87497,-0.97493,1.2759,-0.69718,-0.44351,-1.0441,0.25586,0.39007,NaN,NaN,NaN,NaN,NaN,NaN,NaN,NaN,NaN,NaN,NaN
-1.3524,-0.70066,-1.1068,1.3477,-1.4611,-1.4658,-0.06936,-0.23972,-1.0556,0.97196,-1.4868,-1.0804,NaN,NaN,NaN,NaN,NaN,NaN,NaN,NaN,NaN,NaN,NaN,NaN,NaN,NaN,NaN,NaN,NaN,NaN,NaN,NaN,NaN,NaN
-0.28449,1.1938,-0.99404,0.23071,-0.94541,0.11757,-0.3186,1.4938,-0.55673,-0.896,1.0978,-1.1595,0.63152,1.0359,0.77052,-0.26189,0.58204,1.5217,NaN,NaN,NaN,NaN,NaN,NaN,NaN,NaN,NaN,NaN,NaN,NaN,NaN,NaN,NaN,NaN
-0.19432,-1.1714,0.71647,0.48199,-0.32097,-0.57014,0.39254,-0.31384,1.0486,0.59815,-0.70674,-0.70512,1.2746,1.0861,-0.08786,0.85353,0.075813,1.4202,1.2255,1.2107,0.6293,-1.389,NaN,NaN,NaN,NaN,NaN,NaN,NaN,NaN,NaN,NaN,NaN,NaN
-0.25463,1.115,-0.92294,1.1176,-1.4814,0.47064,-0.7506,1.5007,-0.56793,0.25835,-0.29265,1.1588,0.87793,-0.27663,0.97218,-1.4935,1.2663,-0.6473,0.48963,1.0032,1.1387,-0.47198,0.2797,-0.40057,0.6936,0.64587,-1.5249,-0.23829,0.96653,NaN,NaN,NaN,NaN,NaN
-0.18352,0.37651,0.12102,-1.0126,0.60308,0.48609,-1.238,0.7043,-0.53254,0.57107,1.1215,0.63726,-0.10707,0.9386,1.1426,NaN,NaN,NaN,NaN,NaN,NaN,NaN,NaN,NaN,NaN,NaN,NaN,NaN,NaN,NaN,NaN,NaN,NaN,NaN
-0.19542,0.24712,-1.3984,1.4314,-1.5601,0.96676,-0.34327,-0.67325,0.22594,-1.3629,0.28264,-0.12717,-0.34074,0.65093,-0.88612,0.054526,0.12514,-0.84997,NaN,NaN,NaN,NaN,NaN,NaN,NaN,NaN,NaN,NaN,NaN,NaN,NaN,NaN,NaN,NaN
-0.23179,-0.82336,-0.59208,-0.99815,0.073081,-0.98456,-1.1005,-0.024635,1.4925,-0.79408,-0.22237,-0.57795,1.4639,0.8282,-0.5383,-0.91157,-0.42128,0.70105,1.4368,0.61574,-0.76992,NaN,NaN,NaN,NaN,NaN,NaN,NaN,NaN,NaN,NaN,NaN,NaN,NaN
-0.29489,-0.8535,-0.6225,1.3662,-0.093923,-1.4255,0.38409,0.90152,-1.3623,-0.85965,0.3275,0.35228,0.40395,-1.1602,-1.4293,0.59995,-1.5503,-1.1315,NaN,NaN,NaN,NaN,NaN,NaN,NaN,NaN,NaN,NaN,NaN,NaN,NaN,NaN,NaN,NaN
-0.27983,0.27455,0.9703,0.59332,-1.3252,-0.21563,-1.4085,-1.4097,0.43853,-0.2576,-1.4365,-1.2457,0.56049,0.92555,-0.52833,0.73693,-0.075799,0.29484,1.2662,0.31333,NaN,NaN,NaN,NaN,NaN,NaN,NaN,NaN,NaN,NaN,NaN,NaN,NaN,NaN
-0.29582,0.18482,-0.44874,-0.92698,-0.19564,0.63042,1.425,0.65513,-1.0685,-1.4571,-1.0284,-0.23815,0.58524,-0.98041,NaN,NaN,NaN,NaN,NaN,NaN,NaN,NaN,NaN,NaN,NaN,NaN,NaN,NaN,NaN,NaN,NaN,NaN,NaN,NaN
-0.22875,1.5145,-0.030787,-0.24805,-0.66421,-0.33152,-0.24615,-0.78575,-0.11345,-1.0741,-0.96198,0.4422,1.1545,1.0571,1.2014,0.10997,-0.54826,-0.82701,-1.5103,-1.4606,-1.1502,-1.3528,-0.95049,-0.61959,0.47733,0.4816,NaN,NaN,NaN,NaN,NaN,NaN,NaN,NaN
-0.25674,-0.17276,-0.42749,-0.93867,0.51284,-0.21778,0.43818,-0.54797,1.3533,0.88004,1.3082,-0.60034,-0.23283,0.56784,1.4343,-1.2074,-1.0543,-0.21806,-0.97884,0.21227,-1.4528,NaN,NaN,NaN,NaN,NaN,NaN,NaN,NaN,NaN,NaN,NaN,NaN,NaN
-0.23765,-1.2026,1.2921,0.60582,1.2657,-0.95433,0.35147,-0.75293,-0.017985,1.1496,-1.3095,-0.91542,0.0032237,-0.063,0.14806,1.3224,1.2239,1.5275,0.24387,-0.81543,-0.72774,-1.0232,0.029607,1.296,0.15565,1.1323,NaN,NaN,NaN,NaN,NaN,NaN,NaN,NaN
-0.2671,-0.16978,-1.1575,1.1259,0.65058,-1.5388,0.77376,-0.32382,1.3752,-1.0751,0.28205,-1.4058,-0.49187,0.70945,-0.50855,-0.93,NaN,NaN,NaN,NaN,NaN,NaN,NaN,NaN,NaN,NaN,NaN,NaN,NaN,NaN,NaN,NaN,NaN,NaN
-0.31421,0.62591,-1.2246,-1.0575,-1.4727,-0.52325,1.0423,1.0512,0.35685,1.551,-0.9275,-0.41467,-0.48474,1.4496,-1.1447,1.492,-0.61376,-0.2048,1.2232,0.087399,-1.1742,NaN,NaN,NaN,NaN,NaN,NaN,NaN,NaN,NaN,NaN,NaN,NaN,NaN
-0.30288,-0.39143,0.95638,-0.77921,-1.3703,1.5094,-1.3681,-0.90255,-1.1667,0.26681,0.022937,-0.21246,-1.0187,0.97594,-1.5666,1.3205,0.45023,-0.3557,0.056279,-0.85404,1.4274,NaN,NaN,NaN,NaN,NaN,NaN,NaN,NaN,NaN,NaN,NaN,NaN,NaN
-0.51329,0.77502,-1.0882,0.043423,0.88,0.48069,-1.0341,-0.93145,1.3158,0.31966,-0.98375,1.4678,-0.99545,0.62742,-0.51728,0.31408,-1.4521,-0.95085,0.81238,1.53,NaN,NaN,NaN,NaN,NaN,NaN,NaN,NaN,NaN,NaN,NaN,NaN,NaN,NaN
-0.30242,0.14129,-0.56931,1.441,-0.67604,-0.32861,-1.2223,1.1695,-1.289,-0.61643,0.75389,0.2643,0.34313,1.1602,-0.1869,-0.36995,-0.35058,1.1776,-1.2397,-1.2951,-1.0592,NaN,NaN,NaN,NaN,NaN,NaN,NaN,NaN,NaN,NaN,NaN,NaN,NaN
-0.27117,1.0091,-0.4259,0.23067,-0.67093,-0.49128,0.3407,-0.66025,-0.61021,-0.43216,0.13344,-0.33822,0.023851,1.553,-0.58934,0.83078,0.64602,-1.1007,-1.2403,0.051353,1.115,0.23773,1.3925,-0.6907,-0.8899,1.1039,-0.64024,NaN,NaN,NaN,NaN,NaN,NaN,NaN
-0.26767,-0.97245,-1.5182,-0.77138,0.0078422,-0.33315,-0.63343,-1.2667,-0.79338,-0.4723,-0.99653,1.0148,0.042434,-1.0553,-1.4208,0.63277,-1.4145,0.28314,-0.14822,0.95357,NaN,NaN,NaN,NaN,NaN,NaN,NaN,NaN,NaN,NaN,NaN,NaN,NaN,NaN
-0.29897,0.1718,0.20787,-0.056044,-0.41709,1.2683,-0.78969,0.15125,-0.39314,-1.3907,0.21436,0.050767,-0.87904,-0.26102,NaN,NaN,NaN,NaN,NaN,NaN,NaN,NaN,NaN,NaN,NaN,NaN,NaN,NaN,NaN,NaN,NaN,NaN,NaN,NaN
-0.32115,-1.1226,0.78964,1.0929,0.21556,1.1115,1.4739,-0.58708,0.16974,-1.2237,-0.94314,1.5013,-1.4797,-0.42973,-0.38336,-0.093969,-0.23423,0.16494,-0.47569,-0.067162,-0.95731,-0.96989,NaN,NaN,NaN,NaN,NaN,NaN,NaN,NaN,NaN,NaN,NaN,NaN
0.77784,-1.3533,-1.0571,1.0634,-0.44422,0.14537,1.2522,-1.5031,-0.48656,0.37804,0.79922,-0.88612,0.76967,-0.051485,-1.5133,-0.033323,0.62556,0.50229,NaN,NaN,NaN,NaN,NaN,NaN,NaN,NaN,NaN,NaN,NaN,NaN,NaN,NaN,NaN,NaN
-0.37122,0.83006,-0.44114,1.4368,-0.4976,-0.86546,0.071713,-1.1184,-0.10953,-0.45047,0.20889,0.081754,0.88324,0.97384,1.0649,0.384,-0.59546,-0.41257,1.5148,1.4985,0.39307,-1.3674,1.1144,NaN,NaN,NaN,NaN,NaN,NaN,NaN,NaN,NaN,NaN,NaN
-0.30321,1.4567,-1.1851,-0.50239,0.99942,0.48628,-0.29823,1.1688,0.46372,-0.3874,-0.29403,0.99358,-1.5421,0.29692,0.95179,-0.50475,0.55594,1.4561,0.32603,-0.13778,0.17818,0.31855,-1.2733,1.3476,-0.68126,1.1688,0.77184,0.6189,0.93756,1.2961,1.168,-1.1126,-1.5458,0.68286
-0.38358,-0.5215,1.5263,-0.26433,1.5528,0.92272,-0.84678,0.28846,0.4459,-0.53245,1.5698,1.5441,1.3799,0.40844,-0.068597,0.37435,-0.22769,NaN,NaN,NaN,NaN,NaN,NaN,NaN,NaN,NaN,NaN,NaN,NaN,NaN,NaN,NaN,NaN,NaN
-0.3391,1.2254,-1.0294,-0.93196,1.4853,-0.75073,-0.82283,0.49663,1.0763,-0.59365,0.19531,-0.63936,0.95124,-1.0661,-1.5367,-0.18412,-1.4781,-1.1278,-0.68723,-1.5456,1.2798,-1.247,-0.3174,-0.69047,0.71583,-0.36249,-1.1153,-0.40018,NaN,NaN,NaN,NaN,NaN,NaN
-0.33335,-0.88542,1.3966,0.69226,-1.2269,0.46351,1.4623,1.3431,-0.57279,0.34138,-1.07,-0.80615,-0.14758,-1.5583,-1.2226,-0.53755,1.4624,-1.368,0.81789,1.2726,NaN,NaN,NaN,NaN,NaN,NaN,NaN,NaN,NaN,NaN,NaN,NaN,NaN,NaN
-0.36003,-1.5075,0.62919,-1.0846,1.0195,0.8085,0.12576,1.0579,-0.23026,-1.2039,-0.00065988,0.25196,0.086744,0.45754,-1.3204,-0.66868,0.090446,-1.2737,-1.3819,1.4462,0.91771,-1.3793,1.5418,0.0033998,-1.22,-0.2204,NaN,NaN,NaN,NaN,NaN,NaN,NaN,NaN
-0.39199,-1.1491,0.22027,1.4316,1.3531,1.2274,-1.5591,-1.1641,-0.94998,0.79163,-0.51239,-1.3663,0.49953,1.412,-1.0158,0.38447,0.90435,-0.64289,-0.5123,0.45143,1.3033,-0.081144,-1.2429,-0.080568,0.46224,0.50258,NaN,NaN,NaN,NaN,NaN,NaN,NaN,NaN
-0.37642,0.31393,0.23123,-0.23661,1.4245,-0.23153,-1.2638,-0.30383,-1.1874,-0.12155,0.38413,1.1174,-0.45593,0.23116,1.5598,1.4371,1.4686,0.92685,-0.57059,-1.4277,1.4854,NaN,NaN,NaN,NaN,NaN,NaN,NaN,NaN,NaN,NaN,NaN,NaN,NaN
-0.36457,-0.49107,0.036265,0.54133,-0.57924,0.182,0.15128,-0.83011,-1.0042,-0.012781,-0.38156,-0.75486,-0.051379,0.60062,-1.505,-0.11929,NaN,NaN,NaN,NaN,NaN,NaN,NaN,NaN,NaN,NaN,NaN,NaN,NaN,NaN,NaN,NaN,NaN,NaN
-0.30762,1.179,1.5252,-1.1325,-1.1218,-1.5429,-0.34176,-1.1569,1.3301,-1.2216,-1.2952,0.30463,0.2087,-1.156,-1.211,0.83147,0.77958,NaN,NaN,NaN,NaN,NaN,NaN,NaN,NaN,NaN,NaN,NaN,NaN,NaN,NaN,NaN,NaN,NaN
-0.42952,1.4411,0.75428,0.36035,-0.4126,-0.25828,0.11732,-0.85548,-0.69468,0.20713,-0.47784,-0.29312,0.58786,-0.12222,0.45557,-0.99774,-0.13178,0.89705,-0.61543,NaN,NaN,NaN,NaN,NaN,NaN,NaN,NaN,NaN,NaN,NaN,NaN,NaN,NaN,NaN
-0.29429,-0.58582,-1.5508,0.9728,0.78464,-1.1094,0.95433,0.76037,0.87132,0.63098,0.90838,-0.8095,-0.5477,0.76279,-0.88272,0.88926,-0.96928,-1.3663,-0.3483,-0.97928,0.23899,0.9344,-1.2204,NaN,NaN,NaN,NaN,NaN,NaN,NaN,NaN,NaN,NaN,NaN
-0.34768,0.64885,0.85803,-1.3009,1.0897,0.98415,0.36162,-1.252,-1.3895,-0.91339,-0.61569,-0.60329,-1.2897,0.11538,0.97579,-0.2052,0.91315,1.0282,-0.79713,0.33979,0.010996,0.13708,-0.701,-0.44846,0.53577,-0.96214,1.0094,-1.3568,NaN,NaN,NaN,NaN,NaN,NaN
-0.16657,0.64623,-0.34556,1.1194,1.1912,0.77378,-0.016713,-1.2735,0.60347,-0.99241,-1.543,-1.3087,-1.0519,0.089846,-0.22939,-0.59916,-1.3834,NaN,NaN,NaN,NaN,NaN,NaN,NaN,NaN,NaN,NaN,NaN,NaN,NaN,NaN,NaN,NaN,NaN
-0.37073,0.42484,0.93242,1.2715,1.0383,0.8972,-0.36629,1.4954,-0.51935,0.0079619,1.0765,-0.031462,0.87749,0.46572,-0.64865,-1.5696,-0.77277,1.1551,1.0067,-0.51789,0.83106,1.3645,NaN,NaN,NaN,NaN,NaN,NaN,NaN,NaN,NaN,NaN,NaN,NaN
-0.35135,0.77626,-1.1684,-0.10361,-0.44911,-1.3326,-0.97619,0.43192,-0.43436,0.59043,-0.52334,1.1844,-0.2517,0.019698,0.94518,-0.19678,NaN,NaN,NaN,NaN,NaN,NaN,NaN,NaN,NaN,NaN,NaN,NaN,NaN,NaN,NaN,NaN,NaN,NaN
-0.30583,1.2109,1.1976,-0.45224,1.5438,1.2369,0.87626,1.3895,-0.23664,-1.4842,0.71745,0.090554,-0.00041725,0.95304,0.0015867,-1.3737,-1.149,-1.1852,-1.0657,-0.84676,-0.17338,-1.3886,NaN,NaN,NaN,NaN,NaN,NaN,NaN,NaN,NaN,NaN,NaN,NaN
-0.38618,-1.3909,1.0926,0.8542,1.0147,-0.066613,-0.33955,-1.3208,-1.0405,1.4882,-1.3373,-0.24762,1.5091,1.0076,0.17459,0.11338,-0.55147,-0.70683,0.66661,0.49631,-0.5397,0.62799,0.27254,-1.2249,-0.70186,1.0941,NaN,NaN,NaN,NaN,NaN,NaN,NaN,NaN
0.87231,-1.4236,-0.48271,-0.46132,1.3738,0.95601,0.92399,0.20796,-0.94247,0.39739,1.3029,-0.9067,1.1315,NaN,NaN,NaN,NaN,NaN,NaN,NaN,NaN,NaN,NaN,NaN,NaN,NaN,NaN,NaN,NaN,NaN,NaN,NaN,NaN,NaN
-0.44143,-0.032165,-1.25,1.0489,0.39266,-1.0284,0.35377,0.083298,0.48408,1.1283,-1.4702,0.072153,0.3887,-0.28557,1.4753,0.25058,0.70466,-0.31616,-0.013293,-0.89975,0.36032,0.84788,0.86514,-0.95896,NaN,NaN,NaN,NaN,NaN,NaN,NaN,NaN,NaN,NaN
-0.31257,1.3754,1.457,-0.67039,-0.68557,0.015826,1.5015,-1.341,-0.73767,-1.3741,0.9185,0.55518,0.019825,1.255,-1.2159,0.83712,-1.0726,0.1371,0.72301,0.16714,-0.61534,NaN,NaN,NaN,NaN,NaN,NaN,NaN,NaN,NaN,NaN,NaN,NaN,NaN
-0.4011,1.4241,-1.5375,-1.5698,-1.4553,1.4022,1.0355,0.39876,1.5192,-1.0683,1.3169,0.41888,-0.73702,0.80865,-0.31127,-1.5585,0.81125,-0.22019,0.89755,-0.4965,1.387,0.63625,0.24139,0.26798,0.61537,0.13464,-1.3559,NaN,NaN,NaN,NaN,NaN,NaN,NaN
-0.34518,0.040302,1.3829,-0.24234,-0.51532,-0.50785,-0.41762,-0.38359,-1.1765,-1.1408,-0.73765,1.2706,-0.6761,-0.18017,1.5135,1.2407,-0.2912,1.0944,-0.3878,0.38547,-0.644,NaN,NaN,NaN,NaN,NaN,NaN,NaN,NaN,NaN,NaN,NaN,NaN,NaN
-0.45829,-0.45125,0.61233,0.92646,-1.555,-0.71715,0.073394,0.72041,-1.3539,0.31616,0.38867,-0.41421,-1.1933,1.5502,0.75591,1.5501,NaN,NaN,NaN,NaN,NaN,NaN,NaN,NaN,NaN,NaN,NaN,NaN,NaN,NaN,NaN,NaN,NaN,NaN
-0.4144,-1.292,1.5522,-0.84945,-1.3759,-0.21873,1.3091,0.55682,0.070317,0.47779,-0.57591,1.1626,-1.0176,0.13821,-0.97601,-0.22601,-1.0089,-0.65319,0.18972,0.79142,-0.20977,NaN,NaN,NaN,NaN,NaN,NaN,NaN,NaN,NaN,NaN,NaN,NaN,NaN
-0.38586,-0.52524,0.72716,1.0688,0.36579,-1.1806,-0.4903,-0.74185,1.4399,-0.39321,-0.73765,0.71151,0.64658,0.97682,-0.53614,-1.2752,0.88203,-1.4701,0.663,-0.73924,-0.74547,NaN,NaN,NaN,NaN,NaN,NaN,NaN,NaN,NaN,NaN,NaN,NaN,NaN
-0.38554,0.76819,1.3178,-0.29154,0.13624,-0.36438,1.2259,1.1607,0.68448,0.7409,0.39951,-1.3483,-0.82638,1.2796,-0.57206,-1.3088,0.13847,0.85493,0.67097,0.84316,-0.62057,NaN,NaN,NaN,NaN,NaN,NaN,NaN,NaN,NaN,NaN,NaN,NaN,NaN
-0.39598,-1.3188,-0.86552,-1.5194,1.5318,-1.3802,-0.92923,-1.5676,0.52792,-0.071769,-0.66415,0.65268,-1.0352,-1.1668,-0.46258,1.2803,-0.82939,0.56713,0.93317,-0.31479,-0.026473,0.45081,NaN,NaN,NaN,NaN,NaN,NaN,NaN,NaN,NaN,NaN,NaN,NaN
-0.4702,0.72646,0.59887,-1.2893,-1.3794,-0.12536,-0.029122,1.4473,1.121,1.119,-1.5421,0.32109,-1.5442,0.49447,-0.049878,1.2079,-1.5012,0.41956,NaN,NaN,NaN,NaN,NaN,NaN,NaN,NaN,NaN,NaN,NaN,NaN,NaN,NaN,NaN,NaN
1.2186,0.67992,-1.0582,-0.13826,0.21889,0.8632,-0.12848,1.1841,-0.71268,1.2219,-0.31383,0.27366,0.2545,1.5004,1.0233,-0.010927,1.5379,0.19157,-0.90232,0.55137,-1.05,NaN,NaN,NaN,NaN,NaN,NaN,NaN,NaN,NaN,NaN,NaN,NaN,NaN
-0.36695,1.2772,-1.3237,-0.31469,-0.25176,-0.78421,-1.4942,-0.89242,0.75574,-0.25481,0.62586,0.022156,-1.2381,0.95397,1.1692,-0.22391,-0.75069,1.5657,1.2695,1.3852,0.17793,NaN,NaN,NaN,NaN,NaN,NaN,NaN,NaN,NaN,NaN,NaN,NaN,NaN
-0.44413,1.359,-1.5529,-0.9429,0.67705,0.17121,1.0174,0.064253,-0.78485,0.46568,0.66056,-0.70755,0.28854,NaN,NaN,NaN,NaN,NaN,NaN,NaN,NaN,NaN,NaN,NaN,NaN,NaN,NaN,NaN,NaN,NaN,NaN,NaN,NaN,NaN
-0.47189,-0.96046,-0.59999,-0.59676,0.085563,-1.29,0.84996,1.1871,-1.5379,-0.50991,-0.89117,-0.66555,0.56556,0.719,0.29497,NaN,NaN,NaN,NaN,NaN,NaN,NaN,NaN,NaN,NaN,NaN,NaN,NaN,NaN,NaN,NaN,NaN,NaN,NaN
-0.46196,-0.5821,1.4562,0.66563,-0.79631,-0.75537,0.17128,-0.40405,0.95287,-0.58875,-0.81801,-1.3151,1.3805,-0.7447,-0.19572,0.46286,NaN,NaN,NaN,NaN,NaN,NaN,NaN,NaN,NaN,NaN,NaN,NaN,NaN,NaN,NaN,NaN,NaN,NaN
