713.95,1957.2,343.88,548.15,1880.1,672.22,745.66,504.85,30.51,1207.6,763.89,1780.8,119.88,1153.8,1260.4,40.878,1089.4,501.39,1704.8,1769.7,1197.7,680.38,475.39,1010.9,1185.6,NaN,NaN,NaN,NaN,NaN,NaN,NaN,NaN,NaN
740.78,408.69,493.07,1933.2,1195.9,680.77,927,176.92,1984.3,671.19,1508.7,1268.1,593.59,625.28,1317.9,1282.2,1315.2,1559.2,NaN,NaN,NaN,NaN,NaN,NaN,NaN,NaN,NaN,NaN,NaN,NaN,NaN,NaN,NaN,NaN
739.8,1847,421.96,1098.8,921.2,1000.7,1051.9,789.4,805.76,1001.2,180.87,1887,79.997,1164.7,1985.3,220.1,1048,1885.9,1997.9,366.56,379.35,NaN,NaN,NaN,NaN,NaN,NaN,NaN,NaN,NaN,NaN,NaN,NaN,NaN
754.03,1310.1,227.08,912.08,1923.3,1040.3,269.84,1414.1,774.35,598.88,945.97,1611.5,159.15,1922.8,981,1466,324.49,834.18,849.69,1693.9,603.5,71.254,1904.8,588.66,862.36,1787.5,985.73,526.73,NaN,NaN,NaN,NaN,NaN,NaN
760.64,1661.8,380.11,1716.6,1408.8,1118.4,1839.5,508.93,870.26,825.28,1412,1702.6,NaN,NaN,NaN,NaN,NaN,NaN,NaN,NaN,NaN,NaN,NaN,NaN,NaN,NaN,NaN,NaN,NaN,NaN,NaN,NaN,NaN,NaN
766.09,274.97,1984.4,1521.8,665.07,1273,1856.4,35.646,1043.7,1601,425.91,843.24,19.867,550.63,842.71,385.04,1610.3,98.212,1373.6,959.39,1679.9,642.73,120.88,1365.4,486.35,NaN,NaN,NaN,NaN,NaN,NaN,NaN,NaN,NaN
806.73,1008.7,1082.7,1941.1,1597.5,459.94,56.928,440.43,570.98,1009.3,1556.1,1886,1387.8,738.43,131.22,527.86,1025.7,1294.3,543.96,60.608,693.51,756.65,1330.8,1323,1161.7,1096.5,592.47,77.333,0.97352,NaN,NaN,NaN,NaN,NaN
774.08,1136.2,1593.4,910.71,1624.5,1652.8,1545.6,1770.8,1081.4,1112.6,1362.2,760.18,1152.3,659.71,60.769,362.77,1305.2,762.01,1317.9,965.17,1612.6,NaN,NaN,NaN,NaN,NaN,NaN,NaN,NaN,NaN,NaN,NaN,NaN,NaN
836.61,180.95,1019.7,659.4,287.2,1630.7,173.08,1786.8,1532.6,40.126,1389.5,984.95,176.87,402.52,1886.4,1717.5,1372.3,461.76,686.67,565.58,606.56,322.25,971.42,1087.4,NaN,NaN,NaN,NaN,NaN,NaN,NaN,NaN,NaN,NaN
815.62,1712.2,518.03,635.26,1888.4,1107.3,318.36,558.72,196.26,16.753,1153.2,1344.4,1018.5,498.21,238.58,869.8,1701.8,759.78,627.53,1829,1330,NaN,NaN,NaN,NaN,NaN,NaN,NaN,NaN,NaN,NaN,NaN,NaN,NaN
843.54,919.01,747.38,17.75,1796.3,619.51,1044.3,544.69,616.77,590.04,683.76,1912.7,674.7,1659.3,1016.2,1540.2,103.1,1926.6,819.69,1912,1433.8,NaN,NaN,NaN,NaN,NaN,NaN,NaN,NaN,NaN,NaN,NaN,NaN,NaN
841.06,1912.4,1791.4,126.39,1560.4,1163,877.11,746.24,1712,811.48,965.21,817.76,1284.9,1484.7,1716.9,540.97,361.65,773.86,1097.2,1652.9,1239,1001.8,1990.7,1476.9,1168.8,1384.1,1641.4,NaN,NaN,NaN,NaN,NaN,NaN,NaN
855.76,633.07,925.05,974.48,780.27,1722.9,1230.7,1978.5,1422.9,1989.9,177.25,958.49,1053.1,981.41,1870.9,1460.8,1531.2,1845.1,1424.2,861.32,244.46,NaN,NaN,NaN,NaN,NaN,NaN,NaN,NaN,NaN,NaN,NaN,NaN,NaN
852.66,343.64,978.65,1293.2,1562,1698.3,1375.3,1321.6,122.62,1416.7,1236.7,1274.6,95.248,598.63,1298.4,1032.5,1172.3,1343.6,1696.4,241.31,543.9,1284.4,1817,678.23,NaN,NaN,NaN,NaN,NaN,NaN,NaN,NaN,NaN,NaN
857.16,1884.5,391.26,621.62,1071.1,1535.7,1659.6,1822.1,228.94,80.017,931.01,1466.5,732.07,1642.4,1514.1,539.01,1693.1,194.53,108.59,355.4,717.87,NaN,NaN,NaN,NaN,NaN,NaN,NaN,NaN,NaN,NaN,NaN,NaN,NaN
881.62,1266.3,902.47,914.98,1110.3,1652.9,76.133,1307.9,1.5983,294.21,120.99,458.12,403.71,428.73,1491.6,1172.4,1106.5,280.15,NaN,NaN,NaN,NaN,NaN,NaN,NaN,NaN,NaN,NaN,NaN,NaN,NaN,NaN,NaN,NaN
879,1184.6,1443.6,1420.4,658.58,611.47,1147.7,1383.7,837.91,288.45,1778.3,1304.9,370.17,153.9,462.96,158.63,584.41,993.28,819.33,178.75,313.15,893.33,163.59,NaN,NaN,NaN,NaN,NaN,NaN,NaN,NaN,NaN,NaN,NaN
881.32,1957.7,1451.3,101.65,1434.3,971.7,95.653,143.12,1403.6,984.57,1178.7,1736,288.32,250.64,1653.5,1627.7,1863.1,1076.8,1777.7,1289.4,1217.2,NaN,NaN,NaN,NaN,NaN,NaN,NaN,NaN,NaN,NaN,NaN,NaN,NaN
926.48,214.1,1233,1812.9,675.24,582.91,73.864,55.465,1906.5,610.25,1156.9,1908.8,368.15,1048.1,1625.9,198.48,11.618,1051.8,542.39,1920.4,1589.1,259.31,393.91,1804.4,956.56,681.53,359.76,NaN,NaN,NaN,NaN,NaN,NaN,NaN
924.3,1375.3,1258.8,1028.9,1594,1495,314.31,1428.9,376.16,690.65,218.79,68.671,1036.6,1913.7,1446.6,1931.6,1453.8,1618.8,1845.9,NaN,NaN,NaN,NaN,NaN,NaN,NaN,NaN,NaN,NaN,NaN,NaN,NaN,NaN,NaN
928.95,1949.9,1971.3,1733.9,977.09,1624.4,986.66,317.53,812.96,551.64,1338.9,1727.9,1898.5,1140.3,193.06,1891.7,NaN,NaN,NaN,NaN,NaN,NaN,NaN,NaN,NaN,NaN,NaN,NaN,NaN,NaN,NaN,NaN,NaN,NaN
1023.7,1290.9,706.26,1607.5,1316.8,944.74,891.99,127.61,1837.1,61.135,872.34,1352.5,477.25,104.69,483.04,1833.1,NaN,NaN,NaN,NaN,NaN,NaN,NaN,NaN,NaN,NaN,NaN,NaN,NaN,NaN,NaN,NaN,NaN,NaN
940.37,86.255,859.35,191.45,295.05,726.17,808.67,1489.2,1973.6,656.44,1009.5,1181.8,1613.1,807.81,1933.2,446.13,404.39,1938.6,152.4,1056.4,1885.3,1929.6,914.07,1352.1,625.1,622.56,255.84,NaN,NaN,NaN,NaN,NaN,NaN,NaN
964.15,1030.8,483.98,812.36,756.38,366.48,1472.4,248.6,1776.6,1527.3,1425.9,1100.7,737.71,447.2,NaN,NaN,NaN,NaN,NaN,NaN,NaN,NaN,NaN,NaN,NaN,NaN,NaN,NaN,NaN,NaN,NaN,NaN,NaN,NaN
942.68,425.64,863.45,1134.3,1276.1,291.33,168.58,1689.6,1093.6,158.64,884.31,1064.2,199.58,38.876,302.28,1398.8,530.7,74.507,1035.3,1830.5,1618.4,176.74,295.38,1570.6,646.7,NaN,NaN,NaN,NaN,NaN,NaN,NaN,NaN,NaN
1179.6,1429.8,253.01,1517.6,74.303,686.62,269.95,242.17,1025.2,768.94,195.02,1587.8,321.86,1677.8,205.92,195.71,1928.2,911.7,811.34,NaN,NaN,NaN,NaN,NaN,NaN,NaN,NaN,NaN,NaN,NaN,NaN,NaN,NaN,NaN
143.64,1513.8,474.61,125.01,139.3,475.06,257.28,1520.6,869.63,716.09,960.65,123.26,1326.7,1829.5,216.53,911.92,1409.7,1530.5,83.079,1497.8,1551.5,1868.9,410.84,426.31,NaN,NaN,NaN,NaN,NaN,NaN,NaN,NaN,NaN,NaN
995.82,1964.5,464.57,879.04,251.69,1820.4,1625.2,1197.9,965.71,1732.4,1112.9,322.86,1305.8,919.83,1641,1475.4,1488.9,821.8,NaN,NaN,NaN,NaN,NaN,NaN,NaN,NaN,NaN,NaN,NaN,NaN,NaN,NaN,NaN,NaN
1005.6,703.86,1573.3,392.69,486.59,1577.4,1544,464.76,1746.3,571.75,430.87,3.5011,1102.2,1734.9,467.84,586.64,1805.8,1150.6,1485.4,1486.9,364.91,NaN,NaN,NaN,NaN,NaN,NaN,NaN,NaN,NaN,NaN,NaN,NaN,NaN
1018.5,1043.9,1377,962.72,1117.8,27.429,1736.4,1154.1,1888.8,1773.2,1276,381.87,1357,1119.1,1174.5,1955.5,1836.4,703.37,259.66,760.66,122.66,1694.3,127.1,NaN,NaN,NaN,NaN,NaN,NaN,NaN,NaN,NaN,NaN,NaN
1012.8,246.33,315.08,52.661,731.36,896.6,685.54,824.17,1783.4,80.834,648.33,1090.4,730.04,1666.8,1163.9,503.67,1176.6,1459.7,1522.2,794.43,1299.1,1590.4,551.85,NaN,NaN,NaN,NaN,NaN,NaN,NaN,NaN,NaN,NaN,NaN
1019.9,944.93,1804.9,1591.5,1489.2,525.92,1454.1,1093.8,760.53,1137.6,876.8,1067.1,924.01,1153.1,1833,1308.5,48.904,1831.3,1725.8,NaN,NaN,NaN,NaN,NaN,NaN,NaN,NaN,NaN,NaN,NaN,NaN,NaN,NaN,NaN
1020.5,328.28,1897.2,732.29,1090.8,601.56,10.142,943.6,927.92,1982.8,1177.9,439.35,934.08,773.29,41.534,1277.5,1650.4,1569.1,606.52,1789.6,782.56,NaN,NaN,NaN,NaN,NaN,NaN,NaN,NaN,NaN,NaN,NaN,NaN,NaN
1041.9,109.22,725.39,1348.6,400.53,399.62,1013.6,101.56,1284.3,1560.4,36.427,884.49,1290.1,248.01,1072.9,352.89,1106.9,1653.3,527.73,394.98,1180.2,NaN,NaN,NaN,NaN,NaN,NaN,NaN,NaN,NaN,NaN,NaN,NaN,NaN
1058.6,1832.3,1258.2,1183.1,1848.9,307.93,1099.3,721.76,194.63,1842.6,1519,683.98,1235.4,1764.4,321.85,892.96,1274.3,354.11,NaN,NaN,NaN,NaN,NaN,NaN,NaN,NaN,NaN,NaN,NaN,NaN,NaN,NaN,NaN,NaN
1059.2,1394,1127.7,336.36,508.88,1351.4,410.45,214.28,1397.5,953.19,152.92,725.86,716.86,1795.4,218.86,234.33,1029.2,1504.7,NaN,NaN,NaN,NaN,NaN,NaN,NaN,NaN,NaN,NaN,NaN,NaN,NaN,NaN,NaN,NaN
1043.4,509.35,1931.3,1444,408.94,1426.4,1610.7,1700.8,132.83,1997.4,183.11,1955.4,378.92,1135.2,1032.6,597.29,570.4,1457.5,591.44,400.41,1086.3,NaN,NaN,NaN,NaN,NaN,NaN,NaN,NaN,NaN,NaN,NaN,NaN,NaN
1058.4,1743.1,1066.3,1244.8,1774.7,417.15,1637.2,1483,645.57,634.51,1583.7,1640.4,1198.5,1065.8,1797.6,462.52,1326.5,510.13,355.62,1760.9,1984,NaN,NaN,NaN,NaN,NaN,NaN,NaN,NaN,NaN,NaN,NaN,NaN,NaN
1062.6,1961.8,1557.1,46.006,1938.4,64.109,244.62,1487.3,1986.3,1191.6,1424.9,704.14,1649,725.97,52.169,838.86,402,1208.1,465.8,1848.6,899.67,1849.1,564,797.52,1770.9,199.69,746.84,1397.6,NaN,NaN,NaN,NaN,NaN,NaN
1074.3,91.016,711.21,1641,30.178,1530.1,788.05,432.9,1746.4,1086.9,532.63,421.01,693.08,727.71,1712.1,696.58,1146.9,1139.1,615.06,931.16,1530,1860.1,1403.3,556.59,NaN,NaN,NaN,NaN,NaN,NaN,NaN,NaN,NaN,NaN
1064.3,724.37,1173.6,1096.4,703.85,1351,1271.7,1621.2,1780.7,482.51,908.88,256.33,1169,1818.2,615.77,579.46,152.82,467.21,1281.9,1188.6,149.38,1705.1,624.66,569.53,725.03,995.86,444.02,NaN,NaN,NaN,NaN,NaN,NaN,NaN
1067.1,541.26,1304.5,301.73,891.64,102.9,1058.3,494.73,665.79,692.48,433.26,903.48,1630,1267.1,1963.5,968.61,673.79,1183.1,875.01,509.35,1886,1428.7,1297.3,1182.3,900.86,278.56,NaN,NaN,NaN,NaN,NaN,NaN,NaN,NaN
1074.6,330.78,1698.1,81.517,1488.3,634.41,767.27,765.67,1506.6,126.81,1521.1,1224.5,1790,41.243,1590.8,632.33,354.47,844.44,1859.1,62.895,803.14,1859.4,355.79,1633.2,43.706,7.3996,NaN,NaN,NaN,NaN,NaN,NaN,NaN,NaN
1093.4,956.19,226.59,341.48,277.13,1405.5,1109.7,1515.4,387.33,473.9,1650.6,564.05,1833.3,633.92,1082.4,47.202,NaN,NaN,NaN,NaN,NaN,NaN,NaN,NaN,NaN,NaN,NaN,NaN,NaN,NaN,NaN,NaN,NaN,NaN
1103.2,1232.9,1267.2,748.52,1959.5,881.13,1085.1,1779.1,1567.7,851.25,488.88,742.53,118.76,630.17,1192.6,1229.2,1525.6,772.1,78.033,1112.6,NaN,NaN,NaN,NaN,NaN,NaN,NaN,NaN,NaN,NaN,NaN,NaN,NaN,NaN
1100.4,1809.5,421.09,802.93,1072.8,1019.2,791.63,388.65,543.26,284.87,1909.1,638.41,690.13,1017.1,152.21,605.6,798.08,235.02,1994.8,1163.2,178.25,1923.4,1671.6,NaN,NaN,NaN,NaN,NaN,NaN,NaN,NaN,NaN,NaN,NaN
1106.3,1076.4,281.65,1737.4,1409.3,1863,1641.2,891.64,1036.2,365.3,1646.5,132.73,1583.7,1108.9,1568,1028.1,1917.1,1620.9,NaN,NaN,NaN,NaN,NaN,NaN,NaN,NaN,NaN,NaN,NaN,NaN,NaN,NaN,NaN,NaN
1109.6,1312.8,992.47,1942.1,1351.9,625.86,1852.1,1529.8,1585.2,1681.7,1397.5,1080,595.95,190.84,1458.6,699.7,1208.2,1125.4,641.71,407.43,951.64,NaN,NaN,NaN,NaN,NaN,NaN,NaN,NaN,NaN,NaN,NaN,NaN,NaN
1122.1,1079.4,684.79,1670.5,621.35,1801.1,1952.2,507.53,1428.4,492.27,1662.7,1301.3,1543,574.48,594.71,510.22,994.63,1322.5,1821,905.84,NaN,NaN,NaN,NaN,NaN,NaN,NaN,NaN,NaN,NaN,NaN,NaN,NaN,NaN
1121.7,1496.6,527.97,422.74,1177.7,532.96,171.55,1053,1270.4,193.76,1995.2,881.53,1188.6,253.86,1813.1,1684.2,1724.2,913.38,1317.9,861.64,NaN,NaN,NaN,NaN,NaN,NaN,NaN,NaN,NaN,NaN,NaN,NaN,NaN,NaN
1123.1,1409.2,1588.2,1465.3,1.4436,1127.1,487.77,1203,1879.9,1605.7,160.03,1203.7,996.27,1262.5,1060.8,1607.6,129.13,NaN,NaN,NaN,NaN,NaN,NaN,NaN,NaN,NaN,NaN,NaN,NaN,NaN,NaN,NaN,NaN,NaN
1152.9,772.01,474.31,624.29,1294.4,1122.2,1090.2,181.38,1479,383.15,468.4,813.38,430.67,1488.9,1158.6,475.8,34.568,86.882,1353.5,622.34,1552.5,NaN,NaN,NaN,NaN,NaN,NaN,NaN,NaN,NaN,NaN,NaN,NaN,NaN
8.3478,1308,687.17,1344.6,1425.1,1231.3,1275.1,1287.8,786.22,83.895,1387.2,1887,641.53,522.95,954.99,736.97,1881.9,1365.4,165.32,1546,1033.9,1302.7,344.39,580.86,NaN,NaN,NaN,NaN,NaN,NaN,NaN,NaN,NaN,NaN
1140.5,1715.1,870.26,789.15,1228.6,528.43,932.56,950.19,1748.4,1616.3,1748.5,181.14,136.92,364.32,1630,370.89,407.04,173.18,1717.3,861.36,176.46,1168.8,1742.5,NaN,NaN,NaN,NaN,NaN,NaN,NaN,NaN,NaN,NaN,NaN
1126.1,185.24,22.735,1188.2,1426.6,1925.5,1636.3,1786.7,115.94,1794.9,1239.3,1734.9,285.16,724.52,1836.4,1833.9,627.85,1813,247.15,167.9,1390.1,1309.8,1260.9,NaN,NaN,NaN,NaN,NaN,NaN,NaN,NaN,NaN,NaN,NaN
1144.4,645.35,1256,652.84,213.18,1002.6,1326.8,1770.3,230.94,1070.4,1635.5,1387.5,1048.6,362.91,687.99,1437,1076.5,1736,1819.5,699.13,702.93,611.18,NaN,NaN,NaN,NaN,NaN,NaN,NaN,NaN,NaN,NaN,NaN,NaN
1127.1,1217.2,1032.8,1750.3,289.93,18.866,525.88,1197,376.23,145.02,486.76,917.08,505.61,600.18,1204.4,153.47,800.24,1856.8,1803.7,1255.9,923.2,35.669,1052.2,NaN,NaN,NaN,NaN,NaN,NaN,NaN,NaN,NaN,NaN,NaN
1157.9,1850.5,1471.3,1836.6,669.48,397.12,1712.8,1925,787.28,1827.7,1497,320.27,NaN,NaN,NaN,NaN,NaN,NaN,NaN,NaN,NaN,NaN,NaN,NaN,NaN,NaN,NaN,NaN,NaN,NaN,NaN,NaN,NaN,NaN
1148.7,93.705,267.78,696.83,58.044,1868.9,977.6,586.85,968.03,1812,1338,1268,1231.1,1491.7,650.44,1771.8,1106.6,403.6,902.77,36.102,908.82,1629.6,1844.1,1123.8,211.76,1661.5,1364.9,830.62,569.65,372.14,70.311,NaN,NaN,NaN
1152,498.54,1475.1,111.06,1207.2,1380.2,1541.4,1392.1,1186,440.1,238.29,1026.2,407.62,16.546,1892.9,286.8,335.52,NaN,NaN,NaN,NaN,NaN,NaN,NaN,NaN,NaN,NaN,NaN,NaN,NaN,NaN,NaN,NaN,NaN
1165.2,662.2,411.21,394.32,1159.7,298.39,1334.1,1388.2,1174.8,1404.5,32.052,1735.3,310.79,1988.1,1380.1,788.88,1379.6,1125.2,593.24,8.5161,930.71,542.42,860.32,719.8,1305.8,NaN,NaN,NaN,NaN,NaN,NaN,NaN,NaN,NaN
1157.5,1314.5,1369.5,909.05,1349.9,1640.4,478.82,773.86,218.65,1450,895.3,1832.7,1138.2,110.86,446.39,1453.4,1852.9,123.63,369.78,248.23,1260.3,1483.6,1437.9,NaN,NaN,NaN,NaN,NaN,NaN,NaN,NaN,NaN,NaN,NaN
1137.1,1817.1,1450.5,1659,1365.6,1148.5,1865.5,473.59,1895.1,204.02,1742.2,891.47,1552.3,1286.8,1336.5,612.08,916.5,1100.5,929.72,124.16,NaN,NaN,NaN,NaN,NaN,NaN,NaN,NaN,NaN,NaN,NaN,NaN,NaN,NaN
1164.3,1970.5,1991.6,1627.4,787.77,806.73,795.14,154.92,55.592,517.78,277.5,1629,1481,495.75,1344.3,1433.8,1096.7,1397.3,827.91,90.088,406.73,1429.9,322.05,221.35,NaN,NaN,NaN,NaN,NaN,NaN,NaN,NaN,NaN,NaN
1159.7,1414.4,651.68,1655,377.61,1852.9,1697.9,1880.2,1237.9,1181.7,1124.5,1658.4,1431.2,994.6,1417.4,1209.5,777.44,729.87,NaN,NaN,NaN,NaN,NaN,NaN,NaN,NaN,NaN,NaN,NaN,NaN,NaN,NaN,NaN,NaN
1151.7,106.61,1855.8,1646.9,1583.3,526.1,1855,1435.1,469.31,618.05,231.9,1111.8,531.63,1769.4,1460.1,1799.8,734.72,654.5,NaN,NaN,NaN,NaN,NaN,NaN,NaN,NaN,NaN,NaN,NaN,NaN,NaN,NaN,NaN,NaN
1156.8,999.77,1624.3,939.13,1028,160.2,1196.1,620.61,1519.9,1922.2,471.28,1225.4,1069.7,890.47,1747.2,1001.1,NaN,NaN,NaN,NaN,NaN,NaN,NaN,NaN,NaN,NaN,NaN,NaN,NaN,NaN,NaN,NaN,NaN,NaN
1169.5,1229.1,554.43,1397,1295.6,811.84,47.864,282.45,962.85,639.04,1375.1,434.81,1962.5,507.24,1252,840.76,1918.7,NaN,NaN,NaN,NaN,NaN,NaN,NaN,NaN,NaN,NaN,NaN,NaN,NaN,NaN,NaN,NaN,NaN
1173.8,1038.2,1366.7,1652.2,885.08,1522.2,835.09,213.21,1433,1508,1796.7,1592.7,1000.4,589.64,378,1609.7,1007.9,1593.8,152.82,1524.5,526.92,1196.7,1222.7,NaN,NaN,NaN,NaN,NaN,NaN,NaN,NaN,NaN,NaN,NaN
1547.7,1865.5,1886.1,955.9,1860.6,412.44,63.704,1988.3,351.46,33.729,528.6,1224.1,1247.6,1346.8,792.58,NaN,NaN,NaN,NaN,NaN,NaN,NaN,NaN,NaN,NaN,NaN,NaN,NaN,NaN,NaN,NaN,NaN,NaN,NaN
1177.7,1712.5,742.29,934.46,1370.6,1943,1680.5,811.62,1959.6,1111.4,124.82,1883,174.19,1171.4,65.658,1657.9,132.26,1962.4,NaN,NaN,NaN,NaN,NaN,NaN,NaN,NaN,NaN,NaN,NaN,NaN,NaN,NaN,NaN,NaN
1184.7,1406.3,1779.6,1375.2,1482,592.02,1141.9,1349.7,1622.4,1956.6,1788.6,947.65,1255.4,466.8,1200.3,39.797,1292.9,16.551,542.77,318.82,1457,NaN,NaN,NaN,NaN,NaN,NaN,NaN,NaN,NaN,NaN,NaN,NaN,NaN
1188,1276.6,200.53,1996.5,1189.3,12.777,1958.9,1549.6,345.35,1928.8,797.3,1340.4,1839.7,1982.2,1155.6,1043.6,978.65,1013.1,994.68,1488.1,1364.5,434.45,1474.3,1055.6,433.76,NaN,NaN,NaN,NaN,NaN,NaN,NaN,NaN,NaN
1179.4,1526.1,557.63,408.61,225.74,1125.8,1984.1,1377.1,1872.3,288.37,519.9,1468.8,1161.3,538.07,759.32,1813.8,807.1,835.34,348.96,1875.1,1977.2,NaN,NaN,NaN,NaN,NaN,NaN,NaN,NaN,NaN,NaN,NaN,NaN,NaN
1181,1907.9,428.03,1379.7,79.31,1167.2,565.39,613.24,188.41,931.88,1759.5,1523.4,19.964,193.71,1462.9,NaN,NaN,NaN,NaN,NaN,NaN,NaN,NaN,NaN,NaN,NaN,NaN,NaN,NaN,NaN,NaN,NaN,NaN,NaN
1195.6,46.722,904.58,1606.5,1031.8,1156.3,169.81,1822.8,1676.5,167,1537.4,907.17,964.27,1049.5,803.21,1737.9,1314.2,1879.6,136.22,260.41,1149.1,NaN,NaN,NaN,NaN,NaN,NaN,NaN,NaN,NaN,NaN,NaN,NaN,NaN
1189.3,1642,1942.4,760.43,619.55,1122.7,1848.3,671.91,368.54,1686.8,698.8,17.172,1176.6,NaN,NaN,NaN,NaN,NaN,NaN,NaN,NaN,NaN,NaN,NaN,NaN,NaN,NaN,NaN,NaN,NaN,NaN,NaN,NaN,NaN
1199.8,1495.2,809.35,403.77,1368.6,1244.5,1224.6,833.74,342.44,807.87,1582.2,NaN,NaN,NaN,NaN,NaN,NaN,NaN,NaN,NaN,NaN,NaN,NaN,NaN,NaN,NaN,NaN,NaN,NaN,NaN,NaN,NaN,NaN,NaN
1185,1372,1404.1,1318.3,1671.2,1271.6,1533.6,205.47,490.78,1732,63.69,766.63,1120.4,1759.3,165.78,1036.2,1536.5,NaN,NaN,NaN,NaN,NaN,NaN,NaN,NaN,NaN,NaN,NaN,NaN,NaN,NaN,NaN,NaN,NaN
1184.7,511.29,108.42,1310.3,140.04,1499.6,1035.5,90.04,885.74,663.75,443.25,357.11,1.7772,547.91,868.68,1119.8,723.67,1305.7,1622,542.51,1131.1,399.86,975.18,272.97,NaN,NaN,NaN,NaN,NaN,NaN,NaN,NaN,NaN,NaN
1181.5,1563.5,1886.6,976.65,1041.9,624.75,110.45,1223.3,781.54,467.59,1345.1,568.24,NaN,NaN,NaN,NaN,NaN,NaN,NaN,NaN,NaN,NaN,NaN,NaN,NaN,NaN,NaN,NaN,NaN,NaN,NaN,NaN,NaN,NaN
1194.1,251.98,567.62,115.97,1345.8,1687,1894.6,1838.2,1267.2,657.38,1661.5,1288.5,1865.8,519.01,992.3,123.71,765.66,1033.3,39.959,1632.3,822.11,1103.9,1472.7,NaN,NaN,NaN,NaN,NaN,NaN,NaN,NaN,NaN,NaN,NaN
1198.5,1108.2,1913.8,460.27,382.62,1423.5,1005.8,1860.9,742.59,1157.4,1142,49.959,254.41,613.42,NaN,NaN,NaN,NaN,NaN,NaN,NaN,NaN,NaN,NaN,NaN,NaN,NaN,NaN,NaN,NaN,NaN,NaN,NaN,NaN
1205.9,1785,1538.6,120.7,1753.8,1643.9,1938.3,641.49,335.36,1228.4,656.95,723.66,1071.5,1888.6,713.32,748.16,1899,1407.4,638.16,1259.5,1347.2,275.41,NaN,NaN,NaN,NaN,NaN,NaN,NaN,NaN,NaN,NaN,NaN,NaN
1192.7,219.67,1021,550.26,1524.8,1619.3,13.227,1582.4,1743,1698.5,647.19,667.17,1162.7,32.473,125.36,33.981,1628.4,272.19,270.34,NaN,NaN,NaN,NaN,NaN,NaN,NaN,NaN,NaN,NaN,NaN,NaN,NaN,NaN,NaN
1215.2,1299.3,212.49,476.09,870.67,1532.2,1037.8,1462.6,688.25,103.14,1595.1,1497.4,183.08,441.74,1366.1,815.5,944.5,529.62,1013,1034,548.28,1202.8,NaN,NaN,NaN,NaN,NaN,NaN,NaN,NaN,NaN,NaN,NaN,NaN
1180.6,234.24,1361.8,1591.4,1584.6,1569.7,1184.5,924.09,304.43,1764,1898.6,86.897,542.05,1959.8,1147.2,1027.9,646.3,1336.9,1455.1,964,1329.5,1248.8,1461.7,1973.9,1604.8,1892.5,1564.1,699.44,710.74,1017.4,NaN,NaN,NaN,NaN
1188.3,941.14,1472.4,600.22,1278.5,179.3,232.67,859.38,1989.3,1497.2,1665.7,96.406,322.18,126.76,781.22,93.188,523.55,606.79,96.063,933.07,1547.2,662.64,NaN,NaN,NaN,NaN,NaN,NaN,NaN,NaN,NaN,NaN,NaN,NaN
1205.9,722.01,1118.1,1282.9,1657.4,942.39,1272.3,1777.4,656.89,1991.3,1185.3,936.51,1867.7,1765.3,154.35,139.86,387.76,NaN,NaN,NaN,NaN,NaN,NaN,NaN,NaN,NaN,NaN,NaN,NaN,NaN,NaN,NaN,NaN,NaN
1204.4,1069.6,147.9,999.45,1236.7,1640.6,482.79,745.88,1495.9,945.16,726.86,1868.4,1110.1,631.92,1865.9,844.81,1901.7,382.52,561.62,1113.3,23.919,125.84,NaN,NaN,NaN,NaN,NaN,NaN,NaN,NaN,NaN,NaN,NaN,NaN
1203.3,1207.7,18.277,1081.5,809.83,354.81,1167,476.7,881.4,1034.8,113.28,1993.1,1832.9,704.47,1906.2,1203.7,1426.7,1153.2,292.23,NaN,NaN,NaN,NaN,NaN,NaN,NaN,NaN,NaN,NaN,NaN,NaN,NaN,NaN,NaN
1213.4,1966.9,27.314,749.3,170.8,1480.5,665.93,243.23,1136.8,1449.9,456.96,1308.4,762.76,1171.5,NaN,NaN,NaN,NaN,NaN,NaN,NaN,NaN,NaN,NaN,NaN,NaN,NaN,NaN,NaN,NaN,NaN,NaN,NaN,NaN
1219.1,522.38,1517.5,1192.2,857.51,917.57,1697.9,1040.6,1376.1,1274.2,105.25,219.6,1927.1,108.17,336.9,1212.4,912.56,121.29,901.31,1765.7,NaN,NaN,NaN,NaN,NaN,NaN,NaN,NaN,NaN,NaN,NaN,NaN,NaN,NaN
193.96,193.1,1187.7,86.553,963.34,848.75,464.04,704.77,1710.9,1548.2,131.19,56.879,747.69,1687.1,970.88,1308.4,762.46,790.83,452.09,978.13,1513.5,1009.3,136.98,395.69,262.39,809.89,224.31,NaN,NaN,NaN,NaN,NaN,NaN,NaN
1207,158.22,517.18,840.18,1080.7,791.44,1660.9,1197.2,1507.9,633.46,1172.2,1358.8,1461.1,989.19,207.8,1375,1580.9,1967,231.99,938.45,1001.3,593.42,1283.8,800.94,390.82,1308.7,1290.2,35.098,1954.9,NaN,NaN,NaN,NaN,NaN
1212.6,363,1853.5,632.39,1945,504.28,1606.1,1273.9,484.33,208.3,1195,392.29,1289.3,934.84,1009.9,375.89,1262.5,1108.1,1455.9,1370.8,824.49,171.82,1841.2,1884,432.6,478.22,879.76,314.42,NaN,NaN,NaN,NaN,NaN,NaN
1204.6,1876.4,30.175,537.44,844.81,77.105,1135.4,1373.3,1783.5,588.09,647.72,1535.4,586.79,1677.4,555.11,815.58,368.04,561.83,652.49,1238.2,NaN,NaN,NaN,NaN,NaN,NaN,NaN,NaN,NaN,NaN,NaN,NaN,NaN,NaN
1202.1,1658.9,1449.4,1466.6,1071.6,923.59,1898.2,60.829,487.42,1298.2,191.64,777.85,1202.3,1852,910.68,546.38,1084.9,1499.2,1322.4,663.15,236.72,1689.4,NaN,NaN,NaN,NaN,NaN,NaN,NaN,NaN,NaN,NaN,NaN,NaN
1205.9,938.4,150.18,1429.6,1256,1175.3,1203.2,1542.9,31.124,975.41,1757.7,1580.7,1337,808.77,919.92,32.688,1109.4,402.9,817.71,515.89,1392.6,1973.3,1151.1,1248.7,237.98,894.29,1416.4,884.77,616.95,1959.8,559.05,1162.8,NaN,NaN
1216.3,483.04,325.22,899.84,1447.7,713.65,1733,830.66,451.43,935.36,1038.4,1167.8,359.7,1132.6,1605.9,18.261,302.18,1167.4,1699.6,1218.7,NaN,NaN,NaN,NaN,NaN,NaN,NaN,NaN,NaN,NaN,NaN,NaN,NaN,NaN
1212.2,528.87,697.54,1518,829.13,40.852,37.845,1820,1368.6,552.89,698.75,1217,1125.3,450.31,1031.4,1828.2,1704.6,773.63,1225.5,1859.7,NaN,NaN,NaN,NaN,NaN,NaN,NaN,NaN,NaN,NaN,NaN,NaN,NaN,NaN
1214,392.14,1907.5,1418,1470.2,409.91,1315.7,375.84,479.06,1663,1469.1,1107.2,207.77,256.43,806.13,42.177,1106.6,370.42,1044.2,350.77,1852.3,496.57,NaN,NaN,NaN,NaN,NaN,NaN,NaN,NaN,NaN,NaN,NaN,NaN
1197.4,1524.8,1583.9,1901.3,862.77,1985.5,1534.1,1735.3,557.49,1456.6,1051.8,1277.1,1466.6,1765.1,340.62,149.68,1837.5,122.9,NaN,NaN,NaN,NaN,NaN,NaN,NaN,NaN,NaN,NaN,NaN,NaN,NaN,NaN,NaN,NaN
1215.7,43.456,110.99,955.49,1202.9,1031.6,1071,71.132,621.3,1415.1,1184.6,933.49,1482.5,885.89,1784.3,149.21,1835.9,907.04,1992.1,255.25,222.68,482.58,NaN,NaN,NaN,NaN,NaN,NaN,NaN,NaN,NaN,NaN,NaN,NaN
1212.4,1570.4,542.87,1163.8,136.48,298.8,42.299,1718.3,266.57,327.65,358.79,1935.2,1871.7,805.26,557.4,291.82,401.5,698.3,32.945,864.45,1167.3,1545.8,593.55,1219.9,NaN,NaN,NaN,NaN,NaN,NaN,NaN,NaN,NaN,NaN
1227.8,424.35,558.43,362.28,1821.7,820.81,1715.9,169.24,1196.7,338.81,1396.1,1832.5,213.41,1785.3,1367.9,1061.4,1121.1,1624.5,NaN,NaN,NaN,NaN,NaN,NaN,NaN,NaN,NaN,NaN,NaN,NaN,NaN,NaN,NaN,NaN
1196.5,1947.2,1866.8,819.22,1071.1,388.63,274.77,1773.3,575.46,1452.6,466.79,854.76,990.49,747.67,148.31,1878.2,258.04,NaN,NaN,NaN,NaN,NaN,NaN,NaN,NaN,NaN,NaN,NaN,NaN,NaN,NaN,NaN,NaN,NaN
733.44,876.76,87.783,890.92,410,720.11,511.71,1435.5,145.54,451.66,379.99,1352.8,660.4,1071.4,1365,1120.6,431.36,1946.1,1569.5,877.58,272.91,1282.7,783.53,923.24,1623.6,1777.1,720.8,NaN,NaN,NaN,NaN,NaN,NaN,NaN
1224,893.88,1570.9,1266.3,674.73,729.76,1715.4,982.12,1530.5,1458.8,857.9,303.79,1653.8,1686.3,25.45,1778.3,1330.6,955.07,1557.4,485,1172.1,NaN,NaN,NaN,NaN,NaN,NaN,NaN,NaN,NaN,NaN,NaN,NaN,NaN
587.3,1251.7,819.91,1364.9,1575.9,627.82,1426.7,865.87,668.72,411.8,1235.8,1978.4,1503.1,1372.2,375.21,1052.9,1834.5,980,1203.6,1889.7,NaN,NaN,NaN,NaN,NaN,NaN,NaN,NaN,NaN,NaN,NaN,NaN,NaN,NaN
1217.1,1024.3,1962.2,186.27,1905.5,1488.4,651.05,678.51,1792.2,564.56,1159.3,1426.7,5.3005,975.01,1049.6,1908.4,1898.5,1789,1608.8,302.68,1666,1546.4,1129.4,NaN,NaN,NaN,NaN,NaN,NaN,NaN,NaN,NaN,NaN,NaN
1227,1950.2,1631,570.33,188.51,1978.8,400.84,561.2,127.61,1433.7,1713.9,747.76,911.12,NaN,NaN,NaN,NaN,NaN,NaN,NaN,NaN,NaN,NaN,NaN,NaN,NaN,NaN,NaN,NaN,NaN,NaN,NaN,NaN,NaN
1246.6,1513.8,369.6,1536.5,711.31,1199.4,78.216,1330.3,1711.5,1238.7,593.59,1342.4,277.26,862.22,1974.2,1108,337.53,1474.6,1395.4,717.25,1188.7,976.01,350.53,1282.1,1152.6,134.51,1471.6,1839.1,350.26,NaN,NaN,NaN,NaN,NaN
1243.6,669.96,1152,1589.4,528.64,453.25,545.97,423.61,1138.6,210.9,1856.1,607.09,1628.2,882.44,149.79,208.51,1410.2,1321.9,1617.4,NaN,NaN,NaN,NaN,NaN,NaN,NaN,NaN,NaN,NaN,NaN,NaN,NaN,NaN,NaN
1242.9,1881.4,1861.3,1691.3,1752.9,854.47,1624.3,192.98,1288.3,1088.9,966.92,1726.3,1390.9,460.18,788.55,178.72,885.33,490.73,882.99,NaN,NaN,NaN,NaN,NaN,NaN,NaN,NaN,NaN,NaN,NaN,NaN,NaN,NaN,NaN
1246.3,341.52,1523.1,885.17,300.28,840,155.05,431.55,1082.5,543.48,552.4,1373.4,1187.7,195.5,1946.2,1741.9,1665.8,1913.2,NaN,NaN,NaN,NaN,NaN,NaN,NaN,NaN,NaN,NaN,NaN,NaN,NaN,NaN,NaN,NaN
1248.6,1317.4,831.53,1317.5,608.27,749.17,1635.3,713.27,1901,1744,37.426,1572.5,612.6,1454.8,1428.2,1828.4,NaN,NaN,NaN,NaN,NaN,NaN,NaN,NaN,NaN,NaN,NaN,NaN,NaN,NaN,NaN,NaN,NaN,NaN
1242.3,1000.6,617.7,1849.7,584.85,361.38,859.81,1819.3,352.54,797.02,869.29,1987.7,1998,483.44,1458.3,420.85,1200.5,791.38,NaN,NaN,NaN,NaN,NaN,NaN,NaN,NaN,NaN,NaN,NaN,NaN,NaN,NaN,NaN,NaN
1244.3,40.774,1791.3,164.41,787.21,722.64,922.94,95.445,1787.9,1486.1,992.89,1671.9,771.83,713.91,777.17,1644.2,1470.8,1972,1398.2,981.91,1474.6,784.58,2.1148,NaN,NaN,NaN,NaN,NaN,NaN,NaN,NaN,NaN,NaN,NaN
1259.6,1823.5,235.63,820.23,1700.1,1005.5,158.96,795.75,932.05,997.94,1524.7,1057.3,275.94,1274.5,975.27,1240.2,1582.8,758.6,452.01,1309.3,NaN,NaN,NaN,NaN,NaN,NaN,NaN,NaN,NaN,NaN,NaN,NaN,NaN,NaN
1289.8,1423.4,443.72,1267.8,107.33,334.26,1524.9,1785.3,1689.6,1353.8,1953.4,580.24,400.89,667.77,1229.5,325.47,364.24,1465.4,1025,386,1204.2,1845.4,NaN,NaN,NaN,NaN,NaN,NaN,NaN,NaN,NaN,NaN,NaN,NaN
1280.4,836.09,471.09,1881.1,1966,1281.5,534.57,348.43,573.97,1133.6,1800.4,1738.5,1526.5,14.048,1847.3,1925.8,1294.8,883.95,1041.3,1246.2,734.89,904.98,NaN,NaN,NaN,NaN,NaN,NaN,NaN,NaN,NaN,NaN,NaN,NaN
1280.7,1855.1,563.46,87.842,7.96,1944.4,196.2,1299.6,1999.2,1587.7,1074.6,871.64,631.63,1240.9,1937.7,661.02,338.14,613.64,NaN,NaN,NaN,NaN,NaN,NaN,NaN,NaN,NaN,NaN,NaN,NaN,NaN,NaN,NaN,NaN
1286.8,642.23,446.44,470.66,1745.9,1553.4,1454.9,1761.2,1587.8,1227.1,1029.4,1921.1,0.82437,968.59,52.843,1559.4,157.99,285.7,1734.1,677.43,779.54,NaN,NaN,NaN,NaN,NaN,NaN,NaN,NaN,NaN,NaN,NaN,NaN,NaN
1296.2,1247.9,1878.5,905.02,1942.1,865.29,1562.6,298.47,578.92,1181.8,477.14,30.781,1026.2,623.95,1673.8,591.46,1292,822.03,269.27,792.27,926.7,NaN,NaN,NaN,NaN,NaN,NaN,NaN,NaN,NaN,NaN,NaN,NaN,NaN
976.84,950.25,1342.9,1813,219.77,1170.1,663.95,669.5,1832.1,931.77,871.35,855.9,1036,32.633,1430.2,294.12,1090.1,359.94,1299.9,482.29,305.12,188.82,1789.7,1008.3,NaN,NaN,NaN,NaN,NaN,NaN,NaN,NaN,NaN,NaN
1274.1,1806.3,94.788,1420.8,239.62,261.95,807.63,1157.3,216.12,1922.6,374.08,1849.1,1285.8,1362.4,369.15,1390.4,1645.4,1029.2,NaN,NaN,NaN,NaN,NaN,NaN,NaN,NaN,NaN,NaN,NaN,NaN,NaN,NaN,NaN,NaN
642.56,1678.2,1476.9,1673.4,1670.8,1595.7,435.68,1758.9,1475,854.1,914.27,103.83,249.59,653.4,1255.7,240.8,1056.6,1698.9,352.62,1541.4,NaN,NaN,NaN,NaN,NaN,NaN,NaN,NaN,NaN,NaN,NaN,NaN,NaN,NaN
1320.6,491.71,982.87,1050.4,1587.8,1174.3,950.25,338.57,485.55,1506.8,248.42,85.062,1010.3,896.39,223.01,491.99,1101.9,340.93,1608.1,899.61,1128.9,1435.1,NaN,NaN,NaN,NaN,NaN,NaN,NaN,NaN,NaN,NaN,NaN,NaN
1352.5,472.88,519.7,1559.3,669.37,881.84,1792.1,1469.4,1422,35.369,1561.2,628.41,1883.5,1209.7,1228.6,1414.6,1302.6,1935.3,566.9,NaN,NaN,NaN,NaN,NaN,NaN,NaN,NaN,NaN,NaN,NaN,NaN,NaN,NaN,NaN
1336,1357.5,929.32,316.75,751.48,879.41,239.53,1508.3,1306.3,766.04,548.32,88.923,569.82,722.31,117.93,1883,1606.1,1865.2,439.86,746.64,1020.8,949.15,1719.7,1861,1500.8,137.44,1776.3,1904.9,1867.3,573.29,1813.2,1871,NaN,NaN
1345,108.64,630.41,77.631,596.46,1426.8,771.26,1417.4,531.27,653.84,1703.9,504.91,1893.5,1715.3,268.87,842.71,1420,82.357,1000.2,343.98,800.92,537.29,69.747,NaN,NaN,NaN,NaN,NaN,NaN,NaN,NaN,NaN,NaN,NaN
1349.7,1927.4,146.92,1459.6,555.86,1478.8,1650.2,874.85,1321.6,215.66,1408.9,1918.1,359.18,1402.8,511.77,975.65,1664.2,1059.2,628.44,1921.1,1243.1,NaN,NaN,NaN,NaN,NaN,NaN,NaN,NaN,NaN,NaN,NaN,NaN,NaN
1362.2,589.85,255.74,148.96,1977.5,136.86,1246.5,1625.6,248.43,1277.6,1522.4,1379.6,704.82,444.72,683.78,413.57,1380.5,136.83,949.01,1578,90.154,1305,1089.8,184.65,1584.4,1132.6,726.16,1314.2,178.78,693.02,1731.8,493.11,NaN,NaN
1386.2,1152.3,715.49,1151,474.42,313.36,1382.4,274.13,809.08,779.29,1700,1254.7,487.55,202.41,443.05,1218.4,378.24,NaN,NaN,NaN,NaN,NaN,NaN,NaN,NaN,NaN,NaN,NaN,NaN,NaN,NaN,NaN,NaN,NaN
1376.2,234.49,1329.1,1049.6,1299.7,1018.9,1806.2,1528.1,24.503,64.574,423.51,926.52,833.09,1363.7,153.83,676.91,528.24,270.41,560.39,736.46,41.342,1596.2,769.62,377.71,NaN,NaN,NaN,NaN,NaN,NaN,NaN,NaN,NaN,NaN
1399.8,1575.2,1309.4,303.25,903.18,1562.8,812.1,1602,789.64,1925.4,1895,15.973,674.89,420.08,1988.3,966.42,680.77,686.87,480.69,433.16,692.09,1329.9,1828.1,1702.8,1384,NaN,NaN,NaN,NaN,NaN,NaN,NaN,NaN,NaN
1391.2,515.95,1223.6,1099.1,1099.1,24.329,1929.2,1272,1067.5,1554.8,888.35,1703.1,1003.5,1342.4,755.55,517.16,NaN,NaN,NaN,NaN,NaN,NaN,NaN,NaN,NaN,NaN,NaN,NaN,NaN,NaN,NaN,NaN,NaN,NaN
1415.4,1377.8,1871.4,182.35,362.59,1978.1,149.78,317.04,513.76,1699,1639.8,895.25,269.14,1645.6,1666.8,1571.8,1444.5,1282.7,550.39,1093.7,283.31,1905.6,361.41,34.961,678.91,772.96,908.48,1028.1,863.23,1988.6,NaN,NaN,NaN,NaN
1398.6,467.05,1510.2,1569.9,969.45,596.61,944.65,148.21,847.83,1042.1,1549.4,313.25,279.58,265.36,1025,374.47,NaN,NaN,NaN,NaN,NaN,NaN,NaN,NaN,NaN,NaN,NaN,NaN,NaN,NaN,NaN,NaN,NaN,NaN
1408.9,50.676,1923.4,1738.8,1072.2,312.54,38.423,1007.6,754.11,1686,1967.6,581.07,1393.1,930.28,931.59,1302.6,291.64,627.68,598.77,1019.2,441.18,1392.1,1564.3,215.65,NaN,NaN,NaN,NaN,NaN,NaN,NaN,NaN,NaN,NaN
1423.9,1721.5,1247.4,352.39,376.41,111.54,1277.6,1630.6,460.57,698.7,1877.6,403.77,1798,508.16,5.1692,359.14,869.19,382.11,366.36,171.72,1119.9,NaN,NaN,NaN,NaN,NaN,NaN,NaN,NaN,NaN,NaN,NaN,NaN,NaN
1426.3,151.32,766.69,812.24,1973.4,758.65,678.23,1836.9,1751.3,582.36,1917.7,926.3,325.33,1023.8,770.63,968.05,739.17,951.21,513.37,1629.7,1154.9,765.25,1214.7,NaN,NaN,NaN,NaN,NaN,NaN,NaN,NaN,NaN,NaN,NaN
1379.7,1047.4,22.235,1559.1,1874.9,1784.3,1984.6,160.12,336.9,878.57,771.54,447.53,NaN,NaN,NaN,NaN,NaN,NaN,NaN,NaN,NaN,NaN,NaN,NaN,NaN,NaN,NaN,NaN,NaN,NaN,NaN,NaN,NaN,NaN
1448.3,1330.5,1136.4,212.12,46.815,561.98,1202.2,797.54,645.36,872.83,259.72,748.54,563.59,1861.3,432.67,1180.1,966.36,1782.4,NaN,NaN,NaN,NaN,NaN,NaN,NaN,NaN,NaN,NaN,NaN,NaN,NaN,NaN,NaN,NaN
1457.2,928.04,493.79,639.64,328.31,360.02,912.7,256.5,1139.6,416.06,575.2,243.81,693.5,912.52,1237,1272.7,495.11,1888.6,1993.7,237.38,875.62,1853.5,NaN,NaN,NaN,NaN,NaN,NaN,NaN,NaN,NaN,NaN,NaN,NaN
1470.9,448.37,1221.9,1517,652.22,1736,1171.2,1786.6,48.105,1899.5,803.96,567.27,1498.8,144.77,499.29,1376.8,178.21,1821,112.64,1673.4,528.75,649.23,1525.4,1820.1,293.51,1526.2,1243.5,1061.4,750.42,NaN,NaN,NaN,NaN,NaN
1469.9,1948.9,1112.5,340.97,830.66,563.24,120.15,699.16,1651.6,66.693,577.95,452.43,1332.5,1751.6,1596.1,NaN,NaN,NaN,NaN,NaN,NaN,NaN,NaN,NaN,NaN,NaN,NaN,NaN,NaN,NaN,NaN,NaN,NaN,NaN
1496.3,1993.3,1280.8,1160.8,1862.8,301.96,1338.3,1071.5,299.62,678.75,1814.2,127.29,731.69,1170.6,120.18,425.99,68.501,984.71,NaN,NaN,NaN,NaN,NaN,NaN,NaN,NaN,NaN,NaN,NaN,NaN,NaN,NaN,NaN,NaN
1489.2,1455.6,1189.2,1752.8,1385.6,1443.5,848.1,1761.9,25.761,1259.4,695.43,1207.1,1963.2,1617,234.4,1704.4,320.23,1905.6,1503.1,729.88,157.82,NaN,NaN,NaN,NaN,NaN,NaN,NaN,NaN,NaN,NaN,NaN,NaN,NaN
1514.7,138.78,1901.3,744.46,1877.4,1774,622.67,1041.8,1484,145.08,146.19,1810.7,1531.1,308.91,1154.5,1969.6,172.72,649.11,NaN,NaN,NaN,NaN,NaN,NaN,NaN,NaN,NaN,NaN,NaN,NaN,NaN,NaN,NaN,NaN
1505.2,400.93,1198.4,929.23,498.33,432.36,1866.8,1279.9,334.81,603.31,391.88,900.03,267.53,611.72,733.41,756.21,532.05,86.816,1603.5,571.24,NaN,NaN,NaN,NaN,NaN,NaN,NaN,NaN,NaN,NaN,NaN,NaN,NaN,NaN
1542,8.6663,44.369,1293.3,1709.1,957.6,781,165.66,1484.5,1246.4,235.75,1502.8,1157.1,958.79,NaN,NaN,NaN,NaN,NaN,NaN,NaN,NaN,NaN,NaN,NaN,NaN,NaN,NaN,NaN,NaN,NaN,NaN,NaN,NaN
1530.6,1615.1,684.92,1892,718.21,291.12,1350.8,1933.5,1718.7,1428.1,1579,49.69,536.5,986.64,711,89.225,1918.4,237.2,1540.1,1420.4,1374.4,760.96,863.78,1185.9,1640.1,1306.5,NaN,NaN,NaN,NaN,NaN,NaN,NaN,NaN
1560.7,1196.2,340.36,1652.5,1155.1,212.5,773.45,1340.9,1293,1272.2,1961.2,1149.3,1818.8,613.46,1572.7,280.97,1406.8,1703,349.72,614.36,755.06,NaN,NaN,NaN,NaN,NaN,NaN,NaN,NaN,NaN,NaN,NaN,NaN,NaN
1556.9,710.79,62.459,1909.7,1859,51.452,858.93,456.47,1562.1,1735.6,127.21,545.47,1673.8,1204.7,518.25,1047,1145.6,1751.4,636.26,999.87,1751.7,319.56,1322.5,1992.3,1412.2,651.26,NaN,NaN,NaN,NaN,NaN,NaN,NaN,NaN
1572.6,889.66,957.38,441.21,425.17,526.55,1870.7,705.42,302.53,1745.8,1836.1,30.058,776.21,1299.5,1090.4,112.68,NaN,NaN,NaN,NaN,NaN,NaN,NaN,NaN,NaN,NaN,NaN,NaN,NaN,NaN,NaN,NaN,NaN,NaN
1592.2,1688.5,239.44,264.81,252.8,336.08,711.9,1890.2,1170.6,765,1635,476.28,1720.6,443.19,435,625.03,1457.7,563.32,1590.9,1632.9,1854.5,NaN,NaN,NaN,NaN,NaN,NaN,NaN,NaN,NaN,NaN,NaN,NaN,NaN
1571.4,1749.9,348.18,723.3,977.15,699.45,477.67,117.75,943.87,827.69,1816.3,390.26,292.82,999.55,405.64,566.21,832.11,1310.7,1773.4,573.97,933.1,NaN,NaN,NaN,NaN,NaN,NaN,NaN,NaN,NaN,NaN,NaN,NaN,NaN
1955.4,791.06,1304,112.91,1487.2,1193.1,204.81,74.915,191.21,1459.4,1875.7,300.25,1875.5,1503,583.12,1652.7,672.22,1811.9,1171.1,1819.7,NaN,NaN,NaN,NaN,NaN,NaN,NaN,NaN,NaN,NaN,NaN,NaN,NaN,NaN
1607.6,134.03,1217.8,162.34,565.26,585.65,82.532,934.78,600.59,1133.6,1896.7,624.85,730.86,1149.9,986.76,1145.6,1466.8,224.42,1381.2,592.33,1161.1,NaN,NaN,NaN,NaN,NaN,NaN,NaN,NaN,NaN,NaN,NaN,NaN,NaN
1610.7,595.96,130.35,1898.9,512.51,237.69,1610.9,1385,433.74,566.26,1062.7,1174.8,18.271,197.06,30.025,1492.6,1913.6,337.24,1377.4,1110.3,715.59,321.75,299.51,59.167,1009.5,1400.2,573.18,NaN,NaN,NaN,NaN,NaN,NaN,NaN
1638,1648.8,1045,1184.6,1163.2,1827.1,230.48,857.85,635.63,1819.1,1619.7,1249.1,1768.4,1865.5,1521.6,1762.9,96.904,459.33,938.98,81.232,NaN,NaN,NaN,NaN,NaN,NaN,NaN,NaN,NaN,NaN,NaN,NaN,NaN,NaN
1631.3,1648.6,1176.3,681.9,1409.4,901.75,477.65,583.56,1415.2,1318.9,1982,413.91,809.75,337.84,NaN,NaN,NaN,NaN,NaN,NaN,NaN,NaN,NaN,NaN,NaN,NaN,NaN,NaN,NaN,NaN,NaN,NaN,NaN,NaN
1646.8,31.226,417.94,306.9,1123.2,1834.5,210.34,1586.9,1088.8,1411.5,997.59,110.94,1643.9,299.82,1752.2,1025.8,792.4,983.53,147.51,1959.5,527.16,1165.8,NaN,NaN,NaN,NaN,NaN,NaN,NaN,NaN,NaN,NaN,NaN,NaN
782.6,110.76,1038.2,1744.6,1777.7,1485.7,156.36,1938,1751.1,1772.3,1582,354.08,365.57,11.581,1328.6,208.88,309.31,1206.7,NaN,NaN,NaN,NaN,NaN,NaN,NaN,NaN,NaN,NaN,NaN,NaN,NaN,NaN,NaN,NaN
1669,1424.4,742.61,1296.3,868.46,310.86,356.84,163.73,698.21,303.22,887.32,983.35,1442.9,692.06,1705.7,662.95,847.21,1656.6,1352.5,1555.2,1386.7,1282.9,757.22,NaN,NaN,NaN,NaN,NaN,NaN,NaN,NaN,NaN,NaN,NaN
1652.2,1951.2,1415.4,579.87,532.71,1115,442.64,1460,357.1,1300.4,434.45,21.432,734.85,826.07,1008.6,1352.1,1774.2,786.89,1551.8,1643,208.79,1886.2,1367.3,1749.1,1606.9,1398.8,1379.4,1557.8,1646.8,584.88,365.83,1522.8,66.291,1273.2
1706.2,1544.6,786.4,1285.1,1001.6,90.749,547.2,659.89,1536.4,1557.4,737.82,1430.9,1637.2,709.13,467.17,259.76,1944.2,NaN,NaN,NaN,NaN,NaN,NaN,NaN,NaN,NaN,NaN,NaN,NaN,NaN,NaN,NaN,NaN,NaN
1676.3,1908.7,456.96,1981.4,1118.4,1684.4,742.73,1738.7,7.5436,1499.3,159.2,1656.1,1451.8,109.89,362.48,103.14,1082.9,1056,1800.3,1159.4,1138.7,1831.5,874.51,449.85,1603.8,704.11,836.66,697.5,NaN,NaN,NaN,NaN,NaN,NaN
1694.3,1557.6,1898.3,845.47,794.29,1250,126.71,461.8,277.38,580.03,1050.5,1733,1870.2,1524.7,23.661,965.88,819.54,1467.2,779.39,1153.3,NaN,NaN,NaN,NaN,NaN,NaN,NaN,NaN,NaN,NaN,NaN,NaN,NaN,NaN
1696.1,946.27,1477.1,1231.8,920.22,1349.6,160.01,1559,609.01,305.59,1712.8,1622.4,1875,1199.4,1181.1,1713.1,959.28,1089.7,62.625,1023.6,156.9,879.89,1432.3,1678,1906.3,1234.2,NaN,NaN,NaN,NaN,NaN,NaN,NaN,NaN
1725.3,1129.9,710.81,1063.3,882.59,1371.7,202.05,1862.8,856.96,1706.2,472.34,1138.9,1036,864.57,1109.3,1381.5,1655.5,1621,1196.2,1110.6,761.85,1128.7,1791.6,1033.2,710.73,1498.8,NaN,NaN,NaN,NaN,NaN,NaN,NaN,NaN
1277.6,611.09,1539.3,713.27,1682.5,815.01,1816.6,292.03,1346.6,1634.6,1386.2,799.68,859.31,1331.8,1746.5,1602.3,1858,1100.3,1049.1,878.96,421.15,NaN,NaN,NaN,NaN,NaN,NaN,NaN,NaN,NaN,NaN,NaN,NaN,NaN
1746.2,479.09,894.19,105.14,1235.8,49.463,309.65,1399.3,1382.4,256.82,525.98,1317.6,1046.8,1994.2,441.16,605.57,NaN,NaN,NaN,NaN,NaN,NaN,NaN,NaN,NaN,NaN,NaN,NaN,NaN,NaN,NaN,NaN,NaN,NaN
1736.2,886.78,22.792,549.74,1744.6,1297.5,91.299,1963.2,62.046,508.22,1466.2,682.13,586.01,1725.4,1298.7,1546.3,409.33,NaN,NaN,NaN,NaN,NaN,NaN,NaN,NaN,NaN,NaN,NaN,NaN,NaN,NaN,NaN,NaN,NaN
1765.7,1079.2,1384,1044.6,1197.9,1658.4,709.54,89.53,1256,881.56,483.34,1350,60.849,1308.3,1548.7,911.6,756.77,41.335,425.43,NaN,NaN,NaN,NaN,NaN,NaN,NaN,NaN,NaN,NaN,NaN,NaN,NaN,NaN,NaN
1758.3,1664.8,1579.3,1246.1,212.56,1135.1,1372.1,410.19,1202.6,1686.2,1302.4,1020.8,1130.2,1191.2,1431.3,1895.5,571.24,473.95,1914.3,1055.6,810.72,1499.2,835.49,NaN,NaN,NaN,NaN,NaN,NaN,NaN,NaN,NaN,NaN,NaN
1778.6,266.25,1289.3,1642.8,726.07,1761.5,281.33,215.68,441.99,228.8,1469.8,887.96,13.194,371.37,458,1439,123.87,884.33,1139.1,582.38,615.53,1393.1,1867.6,837.14,1437.9,816.08,1070.6,1661.1,NaN,NaN,NaN,NaN,NaN,NaN
935.55,1239.2,1489,912.52,388.16,1059.4,672.64,1771.2,633.44,394.28,134.09,1240,1977.5,1729.6,54.675,779.64,1929.2,NaN,NaN,NaN,NaN,NaN,NaN,NaN,NaN,NaN,NaN,NaN,NaN,NaN,NaN,NaN,NaN,NaN
1795.8,255.63,405.71,989.51,993.21,1712.3,1986.2,8.0601,1082.5,521.96,482.5,617.83,1957.7,540.82,776.73,852.01,1106.3,910.57,1914.7,1602.3,1862.9,1682,NaN,NaN,NaN,NaN,NaN,NaN,NaN,NaN,NaN,NaN,NaN,NaN
1792.5,1274,262.03,1533.5,1381.7,1426.9,263.51,973.4,217.74,1356.9,629.77,1422.3,946.97,182.81,882.17,368.35,NaN,NaN,NaN,NaN,NaN,NaN,NaN,NaN,NaN,NaN,NaN,NaN,NaN,NaN,NaN,NaN,NaN,NaN
1798.8,1781.6,647.95,1905.9,529.05,1835,1692,685.89,273.2,125.65,1186.9,1442.4,1389.7,296.67,1195.8,1838.5,1456.1,1427.9,665.17,1697.8,854.1,65.141,NaN,NaN,NaN,NaN,NaN,NaN,NaN,NaN,NaN,NaN,NaN,NaN
1833.8,1406.9,771.93,976.93,1972.4,1600.2,1118.3,1854.3,429.31,1981.9,1302.3,470.53,825.09,611.68,534.37,882.4,1114.9,1562.5,1651.9,1189,1945.7,407.31,189.3,1563.2,905.54,1814.3,NaN,NaN,NaN,NaN,NaN,NaN,NaN,NaN
508.34,1623.1,992.43,110.91,1825.2,1664.8,415.19,1441.5,1529.2,1450.3,880.41,1193.9,842.05,NaN,NaN,NaN,NaN,NaN,NaN,NaN,NaN,NaN,NaN,NaN,NaN,NaN,NaN,NaN,NaN,NaN,NaN,NaN,NaN,NaN
1835,528.45,684.84,286.15,1523.7,1878.4,624.16,1022.7,1588.2,1938.7,1793.7,1855.6,1154.9,441.37,1033.4,502.23,805.74,1755.4,350.68,1825.9,708.66,839.53,1961.1,1405.7,NaN,NaN,NaN,NaN,NaN,NaN,NaN,NaN,NaN,NaN
1839.6,1057.5,1802.4,830.33,1650.1,685.81,192.27,1010.2,1212.6,595.07,274.59,922.86,1909.4,372.48,68.583,774.56,1505.8,697.11,942.49,737.12,1623.7,NaN,NaN,NaN,NaN,NaN,NaN,NaN,NaN,NaN,NaN,NaN,NaN,NaN
1857.7,1013.8,1296.7,1466.1,270.69,223.19,470.85,1705,1663.5,1418.1,1805.7,1882.8,1596.1,185.42,54.775,773.54,87.099,1764.8,1875.3,870.52,676.01,1804.9,601.82,1342.3,951.02,629.02,1745,NaN,NaN,NaN,NaN,NaN,NaN,NaN
1889.3,450.18,424.64,1300.9,620.94,1672.1,1039.6,255.75,810.35,1675,707.43,583.23,1485.7,1693,1369.7,237.97,1614.5,506.59,1129.2,1219.2,721.48,NaN,NaN,NaN,NaN,NaN,NaN,NaN,NaN,NaN,NaN,NaN,NaN,NaN
1885.9,1410,732.69,873.51,402.46,1655.4,899.26,668.06,502.13,1267.8,922.04,1993,1236.6,1722.5,1052.4,928.68,NaN,NaN,NaN,NaN,NaN,NaN,NaN,NaN,NaN,NaN,NaN,NaN,NaN,NaN,NaN,NaN,NaN,NaN
1867.6,822.87,1321.7,1642.1,323.84,974.56,1930.1,595.95,184.84,1910.2,968.69,1379.4,1797.7,73.131,9.1413,899.39,1128.5,193.47,571.27,601.47,240.32,NaN,NaN,NaN,NaN,NaN,NaN,NaN,NaN,NaN,NaN,NaN,NaN,NaN
1903.6,1749.2,1990.1,1305.6,1621,117.95,975.92,380.11,1838.8,301.38,1190.9,514.35,1364.9,574.64,292.79,1602.7,43.59,1782.9,576.59,1175.3,1327.3,NaN,NaN,NaN,NaN,NaN,NaN,NaN,NaN,NaN,NaN,NaN,NaN,NaN
1907.6,349.54,663.43,1087.3,696.76,431.91,277.77,985.16,1276.1,155.26,1079.7,733.42,796.71,1110.4,1887.2,590.45,708.88,1488.1,165.74,148.36,1260.1,NaN,NaN,NaN,NaN,NaN,NaN,NaN,NaN,NaN,NaN,NaN,NaN,NaN
1907.7,1624.8,1754.4,1120.1,1507.6,1370.1,884.12,1489.4,228.54,155.57,854.51,1768.6,205.59,211,641.17,1823.8,1513.3,1169.7,606.4,981.92,408.85,334.76,NaN,NaN,NaN,NaN,NaN,NaN,NaN,NaN,NaN,NaN,NaN,NaN
1926.6,1074.6,487.7,1207.4,1275.1,980.25,1225.7,255.35,1034.3,955.83,1997.1,515.41,1106,1278.8,1876,1462.9,36.374,1148.9,NaN,NaN,NaN,NaN,NaN,NaN,NaN,NaN,NaN,NaN,NaN,NaN,NaN,NaN,NaN,NaN
1434.4,440.74,316.42,299.77,1932.7,1046.2,233.46,252.98,895.15,1196.7,1938.2,1062.2,1801.4,1904.4,150.01,346.63,1041.2,1788.5,1920.7,159.07,543.73,NaN,NaN,NaN,NaN,NaN,NaN,NaN,NaN,NaN,NaN,NaN,NaN,NaN
1939.4,1995.5,241.48,238.75,1284.9,1791.3,1148.9,321.2,992.88,1278.8,191.4,840.14,1855.2,1013.7,1563.2,714.67,1434.4,782.75,457.65,618.97,9.189,NaN,NaN,NaN,NaN,NaN,NaN,NaN,NaN,NaN,NaN,NaN,NaN,NaN
1955.2,145.83,913.73,1795.8,876.64,1776.6,573.88,108.74,401.12,1212.3,284,1334.2,135.54,NaN,NaN,NaN,NaN,NaN,NaN,NaN,NaN,NaN,NaN,NaN,NaN,NaN,NaN,NaN,NaN,NaN,NaN,NaN,NaN,NaN
1974.4,419.91,1166.7,1053.6,1859.2,243.89,460.44,980.91,624.5,1690.2,1694.5,1833.7,1739,1181.5,1311.3,NaN,NaN,NaN,NaN,NaN,NaN,NaN,NaN,NaN,NaN,NaN,NaN,NaN,NaN,NaN,NaN,NaN,NaN,NaN
1963.7,1716.6,712.59,1132.9,806.66,414.5,1914.5,1748.2,1652.3,1630.6,1719.2,1419.9,879.41,1763,1561.3,1484.2,NaN,NaN,NaN,NaN,NaN,NaN,NaN,NaN,NaN,NaN,NaN,NaN,NaN,NaN,NaN,NaN,NaN,NaN
